Date,Time,SST,SST_FLAG,SSS,SSS_FLAG,pH,pH_FLAG,DIC,DIC_FLAG
mm/dd/yyyy,HH:MM,Deg_C,,PSS,,,,UMOL/KG,
10/31/2013,22:30,27.2284,2,35.1891,2,NaN,6,2039,2
10/31/2013,23:00,27.2634,2,35.1543,2,NaN,6,2032,2
10/31/2013,23:30,27.1499,2,35.1761,2,NaN,6,2026,2
11/1/2013,0:00,27.1499,2,35.1757,2,NaN,6,2019,2
11/1/2013,0:30,27.1621,2,35.1799,2,NaN,6,2012,2
11/1/2013,1:00,27.2162,2,35.1773,2,NaN,6,2007,2
11/1/2013,1:30,27.2141,2,35.1769,2,NaN,6,2001,2
11/1/2013,2:00,27.2252,2,35.1897,2,NaN,6,1994,2
11/1/2013,3:00,27.1772,2,35.1895,2,NaN,6,1999,2
11/1/2013,6:00,27.0806,2,35.1974,2,NaN,6,2008,2
11/1/2013,9:00,26.9743,2,35.2039,2,NaN,6,2018,2
11/1/2013,12:00,26.8715,2,35.2119,2,8.02,2,2029,2
11/1/2013,15:00,26.8474,2,35.2003,2,8.03,2,2033,2
11/1/2013,18:00,26.97,2,35.2174,2,8.04,2,2035,2
11/1/2013,21:00,27.171,2,35.2246,2,8.04,2,2023,2
11/2/2013,0:00,27.1715,2,35.2147,2,8.03,2,2017,2
11/2/2013,3:00,27.2954,2,35.1786,2,8.04,2,1994,2
11/2/2013,6:00,27.095,2,35.2174,2,8.04,2,1991,2
11/2/2013,9:00,27.0541,2,35.2188,2,8.05,2,2005,2
11/2/2013,12:00,26.8994,2,35.2281,2,8.04,2,2014,2
11/2/2013,15:00,26.7898,2,35.2177,2,8.04,2,2023,2
11/2/2013,18:00,26.7106,2,35.2282,2,8.03,2,2026,2
11/2/2013,21:00,NaN,6,NaN,6,8.04,2,NaN,6
11/3/2013,0:00,NaN,6,NaN,6,8.05,2,NaN,6
11/3/2013,3:00,26.9311,2,35.2312,2,8.04,2,1998,2
11/3/2013,6:00,26.8271,2,35.2242,2,8.05,2,2000,2
11/3/2013,9:00,26.7848,2,35.2278,2,8.04,2,2009,2
11/3/2013,12:00,26.7615,2,35.23,2,8.04,2,2019,2
11/3/2013,15:00,26.6859,2,35.2396,2,8.05,2,2022,2
11/3/2013,18:00,26.6406,2,35.2425,2,8.04,2,2025,2
11/3/2013,21:00,26.758,2,35.245,2,8.04,2,2016,2
11/4/2013,0:00,26.8847,2,35.2461,2,8.05,2,2006,2
11/4/2013,3:00,26.8401,2,35.227,2,8.05,2,1995,2
11/4/2013,6:00,26.7975,2,35.225,2,8.05,2,1996,2
11/4/2013,9:00,26.7486,2,35.239,2,8.05,2,2008,2
11/4/2013,12:00,26.7364,2,35.2444,2,8.05,2,2017,2
11/4/2013,15:00,26.7382,2,35.2454,2,8.05,2,2021,2
11/4/2013,18:00,26.7029,2,35.2464,2,8.04,2,2027,2
11/4/2013,21:00,26.8284,2,35.237,2,8.04,2,2016,2
11/5/2013,0:00,26.903,2,35.2428,2,8.04,2,2002,2
11/5/2013,3:00,26.8958,2,35.2545,2,8.06,2,1976,2
11/5/2013,6:00,NaN,6,NaN,6,8.06,2,NaN,6
11/5/2013,9:00,NaN,6,NaN,6,8.05,2,NaN,6
11/5/2013,12:00,26.704,2,35.25,2,8.04,2,2008,2
11/5/2013,15:00,26.6308,2,35.2513,2,8.04,2,2015,2
11/5/2013,18:00,26.5248,2,35.2339,2,8.04,2,2021,2
11/5/2013,21:00,26.8459,2,35.2484,2,8.05,2,2004,2
11/6/2013,0:00,26.9696,2,35.2389,2,8.06,2,1994,2
11/6/2013,3:00,26.6627,2,35.2567,2,8.06,2,1975,2
11/6/2013,6:00,26.7103,2,35.2451,2,8.05,2,1978,2
11/6/2013,9:00,26.7059,2,35.2401,2,8.05,2,1988,2
11/6/2013,12:00,26.795,2,35.2249,2,8.05,2,2002,2
11/6/2013,15:00,26.8343,2,35.2129,2,8.05,2,2009,2
11/6/2013,18:00,26.7805,2,35.2179,2,8.05,2,2016,2
11/6/2013,21:00,27.045,2,35.2256,2,8.05,2,2005,2
11/7/2013,0:00,26.9921,2,35.2243,2,8.05,2,1994,2
11/7/2013,3:00,27.122,2,35.1962,2,8.06,2,1981,2
11/7/2013,6:00,26.9117,2,35.226,2,8.07,2,1983,2
11/7/2013,9:00,26.8033,2,35.2211,2,8.05,2,2004,2
11/7/2013,12:00,26.73,2,35.2302,2,8.05,2,2011,2
11/7/2013,15:00,26.6602,2,35.2362,2,8.04,2,2019,2
11/7/2013,18:00,26.6334,2,35.2374,2,8.04,2,2021,2
11/7/2013,21:00,27.0399,2,35.212,2,8.04,2,2008,2
11/8/2013,0:00,26.9604,2,35.2205,2,8.05,2,1994,2
11/8/2013,3:00,27.1993,2,35.2033,2,8.06,2,1982,2
11/8/2013,6:00,26.9489,2,35.1967,2,8.04,2,1974,2
11/8/2013,9:00,26.7984,2,35.2113,2,8.04,2,1987,2
11/8/2013,12:00,26.77,2,35.2107,2,8.04,2,1996,2
11/8/2013,15:00,26.7118,2,35.2242,2,8.05,2,2005,2
11/8/2013,18:00,26.6956,2,35.2277,2,8.03,2,2011,2
11/8/2013,21:00,26.8766,2,35.2325,2,8.03,2,2005,2
11/9/2013,0:00,27.2274,2,35.2288,2,8.03,2,1985,2
11/9/2013,3:00,27.1251,2,35.2204,2,8.02,2,1976,2
11/9/2013,6:00,26.8577,2,35.2267,2,8.05,2,1967,2
11/9/2013,9:00,NaN,6,NaN,6,8.05,2,NaN,6
11/9/2013,12:00,NaN,6,NaN,6,8.04,2,NaN,6
11/9/2013,15:00,NaN,6,NaN,6,8.04,2,NaN,6
11/9/2013,18:00,NaN,6,NaN,6,8.04,2,NaN,6
11/9/2013,21:00,26.8538,2,35.21,2,8.03,2,2003,2
11/10/2013,0:00,27.0271,2,35.1694,2,8.01,2,1978,2
11/10/2013,3:00,26.8698,2,35.1284,2,8.04,2,1981,2
11/10/2013,6:00,26.7854,2,35.2131,2,8.04,2,1992,2
11/10/2013,9:00,26.5753,2,34.8684,2,8.03,2,1990,2
11/10/2013,12:00,26.6751,2,35.1535,2,8.05,2,2018,2
11/10/2013,15:00,NaN,6,NaN,6,7.99,3,NaN,6
11/10/2013,18:00,NaN,6,NaN,6,8,2,NaN,6
11/10/2013,21:00,26.6736,2,35.049,2,8.01,2,2027,2
11/11/2013,0:00,26.6722,2,34.9598,2,8.03,2,2012,2
11/11/2013,3:00,26.5713,2,35.0105,2,8.05,2,2010,2
11/11/2013,6:00,26.4061,2,35.0591,2,8.06,2,2007,2
11/11/2013,9:00,26.4452,2,35.0631,2,8.05,2,2013,2
11/11/2013,12:00,26.3727,2,35.1511,2,8.05,2,2019,2
11/11/2013,15:00,26.1353,2,35.192,2,8.05,2,2024,2
11/11/2013,18:00,26.1139,2,35.2261,2,8.05,2,2024,2
11/11/2013,21:00,26.2789,2,35.1873,2,8.05,2,2016,2
11/12/2013,0:00,26.3204,2,35.1903,2,8.05,2,2009,2
11/12/2013,3:00,26.3854,2,35.1884,2,8.06,2,2004,2
11/12/2013,6:00,26.3646,2,35.1881,2,8.06,2,2001,2
11/12/2013,9:00,26.3078,2,35.191,2,8.06,2,2011,2
11/12/2013,12:00,26.1902,2,35.1483,2,8.05,2,2019,2
11/12/2013,15:00,25.9453,2,35.1211,2,8.04,2,2026,2
11/12/2013,18:00,26.0833,2,35.1458,2,8.05,2,2027,2
11/12/2013,21:00,26.1216,2,35.0615,2,8.05,2,2018,2
11/13/2013,0:00,26.184,2,35.1454,2,8.05,2,2006,2
11/13/2013,3:00,26.1925,2,35.1363,2,8.06,2,1991,2
11/13/2013,6:00,26.0884,2,35.083,2,8.05,2,2000,2
11/13/2013,9:00,25.8272,2,35.0144,2,8.05,2,2011,2
11/13/2013,12:00,25.9716,2,35.1802,2,8.05,2,2020,2
11/13/2013,15:00,26.0169,2,35.1934,2,8.05,2,2025,2
11/13/2013,18:00,26.0212,2,35.2097,2,8.05,2,2028,2
11/13/2013,21:00,26.1724,2,35.2273,2,8.05,2,2015,2
11/14/2013,0:00,26.4544,2,35.2477,2,8.06,2,1994,2
11/14/2013,3:00,26.2983,2,35.1807,2,8.06,2,2012,2
11/14/2013,6:00,26.2554,2,35.2003,2,8.05,2,1994,2
11/14/2013,9:00,26.2284,2,35.2228,2,8.06,2,2005,2
11/14/2013,12:00,26.2174,2,35.2309,2,8.05,2,2010,2
11/14/2013,15:00,26.0976,2,35.1473,2,8.05,2,2014,2
11/14/2013,18:00,26.1284,2,35.1965,2,8.05,2,2016,2
11/14/2013,21:00,26.2247,2,35.1833,2,8.05,2,2009,2
11/15/2013,0:00,26.3079,2,35.2165,2,8.05,2,1996,2
11/15/2013,3:00,26.3489,2,35.0645,2,8.03,2,2002,2
11/15/2013,6:00,26.2711,2,35.1057,2,8.05,2,1991,2
11/15/2013,9:00,26.1816,2,35.1438,2,8.04,2,1998,2
11/15/2013,12:00,26.0849,2,34.9563,2,8.02,2,2001,2
11/15/2013,15:00,26.0748,2,35.0229,2,8.04,2,2011,2
11/15/2013,18:00,26.0507,2,34.9668,2,8.04,2,2015,2
11/15/2013,21:00,26.2112,2,35.0195,2,8.06,2,2007,2
11/16/2013,0:00,26.3258,2,34.8707,2,8.03,2,1994,2
11/16/2013,3:00,26.3126,2,35.0112,2,8.05,2,1999,2
11/16/2013,6:00,26.2898,2,34.7154,2,8.06,2,1978,2
11/16/2013,9:00,26.1417,2,34.9441,2,8.05,2,1993,2
11/16/2013,12:00,26.1262,2,34.9492,2,8.05,2,2000,2
11/16/2013,15:00,26.0914,2,34.9095,2,8.04,2,2006,2
11/16/2013,18:00,26.1754,2,35.0305,2,8.02,2,2011,2
11/16/2013,21:00,26.2835,2,35.0506,2,8.03,2,1998,2
11/17/2013,0:00,26.3645,2,35.0617,2,8.04,2,1987,2
11/17/2013,3:00,26.3579,2,35.1198,2,8.06,2,1978,2
11/17/2013,6:00,26.2944,2,35.1293,2,8.05,2,1983,2
11/17/2013,9:00,26.1792,2,35.146,2,8.05,2,1990,2
11/17/2013,12:00,26.092,2,35.173,2,8.05,2,2000,2
11/17/2013,15:00,25.9405,2,35.0687,2,8.03,2,2010,2
11/17/2013,18:00,26.0423,2,35.1,2,8.01,2,2017,2
11/17/2013,21:00,26.227,2,35.0959,2,8.03,2,2004,2
11/18/2013,0:00,26.585,2,35.1315,2,8.04,2,1978,2
11/18/2013,3:00,26.5157,2,35.1556,2,8.05,2,1976,2
11/18/2013,6:00,26.4712,2,35.1347,2,8.06,2,1977,2
11/18/2013,9:00,NaN,6,NaN,6,8.04,2,NaN,6
11/18/2013,12:00,NaN,6,NaN,6,8.02,2,NaN,6
11/18/2013,15:00,26.1034,2,35.2055,2,8.05,2,2003,2
11/18/2013,18:00,26.0547,2,35.113,2,8,2,2015,2
11/18/2013,21:00,26.2003,2,35.1807,2,8.04,2,1998,2
11/19/2013,0:00,26.3104,2,35.1568,2,8.05,2,1972,2
11/19/2013,3:00,26.396,2,35.153,2,8.04,2,1978,2
11/19/2013,6:00,26.2805,2,35.22,2,8.05,2,1981,2
11/19/2013,9:00,26.2652,2,35.1476,2,8.03,2,1994,2
11/19/2013,12:00,26.042,2,35.2334,2,8.04,2,2005,2
11/19/2013,15:00,25.9215,2,35.2439,2,8.06,2,2015,2
11/19/2013,18:00,25.9171,2,35.1855,2,8.04,2,2019,2
11/19/2013,21:00,26.2088,2,35.1919,2,8.01,2,2011,2
11/20/2013,0:00,26.096,2,35.2661,2,8.05,2,1990,2
11/20/2013,3:00,26.2469,2,35.2278,2,8.04,2,1997,2
11/20/2013,6:00,26.1986,2,35.2537,2,8.06,2,1979,2
11/20/2013,9:00,26.281,2,35.205,2,8.05,2,1990,2
11/20/2013,12:00,26.0583,2,35.2127,2,8.04,2,2003,2
11/20/2013,15:00,26.0099,2,35.2503,2,8.05,2,2010,2
11/20/2013,18:00,26.0416,2,35.2719,2,8.05,2,2012,2
11/20/2013,21:00,26.1993,2,35.2005,2,8.03,2,2006,2
11/21/2013,0:00,26.3228,2,35.1859,2,8.05,2,1987,2
11/21/2013,3:00,26.2052,2,35.2305,2,8.05,2,1976,2
11/21/2013,6:00,26.1344,2,35.2577,2,8.04,2,1979,2
11/21/2013,9:00,26.1049,2,35.2626,2,8.04,2,1990,2
11/21/2013,12:00,26.0778,2,35.2159,2,8.03,2,2004,2
11/21/2013,15:00,25.9632,2,35.2779,2,8.04,2,2007,2
11/21/2013,18:00,25.9483,2,35.2986,2,8.05,2,2008,2
11/21/2013,21:00,25.9949,2,35.2371,2,7.98,2,2013,2
11/22/2013,0:00,26.3856,2,35.2296,2,7.97,2,1996,2
11/22/2013,3:00,26.304,2,35.2831,2,8.02,2,1995,2
11/22/2013,6:00,26.2984,2,35.2308,2,8.04,2,1964,2
11/22/2013,9:00,26.2728,2,35.2477,2,8.03,2,1986,2
11/22/2013,12:00,26.099,2,35.2101,2,8.03,2,1999,2
11/22/2013,15:00,26.0052,2,35.2481,2,8.04,2,2009,2
11/22/2013,18:00,25.9898,2,35.3039,2,8.03,2,2015,2
11/22/2013,21:00,26.195,2,35.2926,2,8.03,2,2000,2
11/23/2013,0:00,26.4715,2,35.2747,2,8.02,2,2000,2
11/23/2013,3:00,26.537,2,35.2617,2,8.04,2,1987,2
11/23/2013,6:00,26.2709,2,35.2932,2,8.06,2,1959,2
11/23/2013,9:00,26.033,2,35.3206,2,8.05,2,1988,2
11/23/2013,12:00,26.0021,2,35.3312,2,8.05,2,2002,2
11/23/2013,15:00,25.9362,2,35.3033,2,8.04,2,2011,2
11/23/2013,18:00,25.9217,2,35.3264,2,8.04,2,2017,2
11/23/2013,21:00,26.0101,2,35.3057,2,8.01,2,2009,2
11/24/2013,0:00,26.0965,2,35.3216,2,8.04,2,1994,2
11/24/2013,3:00,26.0574,2,35.3102,2,8.06,2,1975,2
11/24/2013,6:00,25.9174,2,35.3428,2,8.06,2,1980,2
11/24/2013,9:00,25.8987,2,35.3438,2,8.05,2,1999,2
11/24/2013,12:00,25.8095,2,35.3373,2,8.05,2,2009,2
11/24/2013,15:00,25.8239,2,35.346,2,8.05,2,2016,2
11/24/2013,18:00,25.8073,2,35.348,2,8.06,2,2020,2
11/24/2013,21:00,25.8534,2,35.3501,2,8.05,2,2007,2
11/25/2013,0:00,25.9835,2,35.3276,2,8.04,2,1996,2
11/25/2013,3:00,25.9484,2,35.3495,2,8.05,2,1993,2
11/25/2013,6:00,25.9169,2,35.3525,2,8.05,2,1975,2
11/25/2013,9:00,25.8562,2,35.3503,2,8.06,2,1997,2
11/25/2013,12:00,25.8394,2,35.3425,2,8.06,2,2002,2
11/25/2013,15:00,25.8312,2,35.3353,2,8.06,2,2005,2
11/25/2013,18:00,25.7922,2,35.3378,2,8.06,2,2006,2
11/25/2013,21:00,25.8073,2,35.3382,2,8.05,2,2000,2
11/26/2013,0:00,25.8267,2,35.3416,2,8.06,2,1986,2
11/26/2013,3:00,25.834,2,35.3355,2,8.06,2,1978,2
11/26/2013,6:00,25.7814,2,35.3327,2,8.06,2,1980,2
11/26/2013,9:00,25.7886,2,35.3225,2,8.06,2,1997,2
11/26/2013,12:00,25.767,2,35.3213,2,8.06,2,2001,2
11/26/2013,15:00,25.7157,2,35.3233,2,8.06,2,2006,2
11/26/2013,18:00,25.7533,2,35.3154,2,8.06,2,2005,2
11/26/2013,21:00,NaN,6,NaN,6,8.06,2,NaN,6
11/27/2013,0:00,NaN,6,NaN,6,8.06,2,NaN,6
11/27/2013,3:00,25.9353,2,35.2963,2,8.06,2,1974,2
11/27/2013,6:00,25.8891,2,35.2996,2,8.06,2,1984,2
11/27/2013,9:00,25.8445,2,35.3043,2,8.06,2,1990,2
11/27/2013,12:00,25.7227,2,35.2847,2,8.06,2,1997,2
11/27/2013,15:00,25.7287,2,35.3097,2,8.06,2,2003,2
11/27/2013,18:00,25.6965,2,35.3142,2,8.05,2,2006,2
11/27/2013,21:00,25.8366,2,35.3162,2,8.06,2,1995,2
11/28/2013,0:00,26.0419,2,35.3301,2,8.06,2,1992,2
11/28/2013,3:00,25.9818,2,35.2971,2,8.06,2,1991,2
11/28/2013,6:00,25.9705,2,35.327,2,8.06,2,1963,2
11/28/2013,9:00,25.8937,2,35.2896,2,8.05,2,1988,2
11/28/2013,12:00,25.8404,2,35.3247,2,8.04,2,2001,2
11/28/2013,15:00,25.8491,2,35.3282,2,8.06,2,2006,2
11/28/2013,18:00,25.8084,2,35.3267,2,8.06,2,2008,2
11/28/2013,21:00,25.8498,2,35.327,2,8.05,2,1993,2
11/29/2013,0:00,25.9878,2,35.3123,2,8.06,2,1993,2
11/29/2013,3:00,26.1149,2,35.2966,2,8.06,2,1966,2
11/29/2013,6:00,25.9872,2,35.3068,2,8.06,2,1976,2
11/29/2013,9:00,25.8872,2,35.3235,2,8.06,2,1990,2
11/29/2013,12:00,NaN,6,NaN,6,8.06,2,NaN,6
11/29/2013,15:00,NaN,6,NaN,6,8.06,2,NaN,6
11/29/2013,18:00,25.7985,2,35.3193,2,8.05,2,2010,2
11/29/2013,21:00,25.868,2,35.3321,2,8.06,2,2006,2
11/30/2013,0:00,25.7545,2,35.28,2,8.06,2,1990,2
11/30/2013,3:00,25.7807,2,35.259,2,8.06,2,1992,2
11/30/2013,6:00,25.8206,2,35.3024,2,8.05,2,1998,2
11/30/2013,9:00,25.7843,2,35.3014,2,8.05,2,2003,2
11/30/2013,12:00,25.7762,2,35.2859,2,8.06,2,2004,2
11/30/2013,15:00,25.6842,2,35.2829,2,8.04,2,2011,2
11/30/2013,18:00,25.6724,2,35.2857,2,8.04,2,2010,2
11/30/2013,21:00,25.7237,2,35.2919,2,8.05,2,2005,2
12/1/2013,0:00,25.7656,2,35.3016,2,8.06,2,2001,2
12/1/2013,3:00,25.699,2,35.3062,2,8.06,2,2002,2
12/1/2013,6:00,25.752,2,35.3105,2,8.06,2,2001,2
12/1/2013,9:00,25.6526,2,35.2804,2,8.05,2,2004,2
12/1/2013,12:00,25.6229,2,35.2961,2,8.05,2,2009,2
12/1/2013,15:00,25.6107,2,35.3078,2,8.05,2,2010,2
12/1/2013,18:00,25.5666,2,35.2879,2,8.05,2,2008,2
12/1/2013,21:00,25.4964,2,35.0071,2,8.06,2,2005,2
12/2/2013,0:00,25.5127,2,35.1111,2,8.07,2,2014,2
12/2/2013,3:00,25.2665,2,34.7379,2,8.03,2,2017,2
12/2/2013,6:00,25.2935,2,34.9396,2,8.01,2,2021,2
12/2/2013,9:00,25.3342,2,35.0066,2,8.02,2,2021,2
12/2/2013,12:00,25.3026,2,34.9433,2,8.02,2,2021,2
12/2/2013,15:00,25.2798,2,35.0813,2,8.01,2,2025,2
12/2/2013,18:00,25.3011,2,35.0428,2,8.02,2,2020,2
12/2/2013,21:00,25.5616,2,35.1523,2,8.01,2,2011,2
12/3/2013,0:00,25.891,2,35.171,2,8.03,2,2004,2
12/3/2013,3:00,25.7964,2,34.9802,2,8.06,2,1981,2
12/3/2013,6:00,25.8652,2,35.0519,2,8.06,2,1987,2
12/3/2013,9:00,25.6382,2,35.2211,2,8.06,2,1981,2
12/3/2013,12:00,25.5711,2,35.1629,2,8.04,2,2004,2
12/3/2013,15:00,25.4198,2,35.0826,2,8.04,2,2011,2
12/3/2013,18:00,25.4157,2,35.183,2,8.06,2,2012,2
12/3/2013,21:00,25.759,2,35.1545,2,8.03,2,1998,2
12/4/2013,0:00,25.7499,2,35.2205,2,8.05,2,1997,2
12/4/2013,3:00,25.9144,2,35.1367,2,8.06,2,1991,2
12/4/2013,6:00,25.6092,2,35.2778,2,8.06,2,1967,2
12/4/2013,9:00,25.6054,2,35.2401,2,8.05,2,1990,2
12/4/2013,12:00,25.4892,2,35.2273,2,8.05,2,1999,2
12/4/2013,15:00,25.4177,2,35.2515,2,8.04,2,2008,2
12/4/2013,18:00,25.2944,2,35.1666,2,8.03,2,2013,2
12/4/2013,21:00,25.5968,2,35.2276,2,8.05,2,1996,2
12/5/2013,0:00,25.6458,2,35.2759,2,8.05,2,1986,2
12/5/2013,3:00,25.6375,2,35.2424,2,8.06,2,1982,2
12/5/2013,6:00,25.4822,2,35.3142,2,8.06,2,1973,2
12/5/2013,9:00,25.4441,2,35.2964,2,8.05,2,1995,2
12/5/2013,12:00,25.4497,2,35.2996,2,8.06,2,2003,2
12/5/2013,15:00,25.4348,2,35.3227,2,8.06,2,2009,2
12/5/2013,18:00,25.4232,2,35.3228,2,8.06,2,2014,2
12/5/2013,21:00,25.5505,2,35.3403,2,8.06,2,2003,2
12/6/2013,0:00,25.9907,2,35.3376,2,8.06,2,1989,2
12/6/2013,3:00,25.87,2,35.2015,2,8.06,2,1990,2
12/6/2013,6:00,25.7252,2,35.3003,2,8.06,2,1982,2
12/6/2013,9:00,25.722,2,35.2969,2,8.06,2,1977,2
12/6/2013,12:00,25.5789,2,35.2259,2,8.04,2,2003,2
12/6/2013,15:00,25.4454,2,35.2518,2,8.03,2,2012,2
12/6/2013,18:00,25.4499,2,35.3158,2,8.04,2,2014,2
12/6/2013,21:00,25.7626,2,35.3475,2,8.06,2,2000,2
12/7/2013,0:00,25.9327,2,35.2683,2,8.05,2,2002,2
12/7/2013,3:00,25.8635,2,35.3333,2,8.07,2,1965,2
12/7/2013,6:00,25.569,2,35.2978,2,8.06,2,1964,2
12/7/2013,9:00,25.4721,2,35.3293,2,8.06,2,1988,2
12/7/2013,12:00,25.4298,2,35.3249,2,8.06,2,1998,2
12/7/2013,15:00,25.3818,2,35.3222,2,8.06,2,2005,2
12/7/2013,18:00,25.3658,2,35.3388,2,8.06,2,2009,2
12/7/2013,21:00,25.4694,2,35.327,2,8.05,2,2001,2
12/8/2013,0:00,25.8146,2,35.3339,2,8.06,2,2000,2
12/8/2013,3:00,25.6844,2,35.3122,2,8.06,2,1990,2
12/8/2013,6:00,25.6892,2,35.2992,2,8.07,2,1974,2
12/8/2013,9:00,25.5425,2,35.3274,2,8.06,2,1973,2
12/8/2013,12:00,25.4878,2,35.3143,2,8.05,2,2001,2
12/8/2013,15:00,25.442,2,35.3207,2,8.06,2,2007,2
12/8/2013,18:00,25.4338,2,35.3042,2,8.06,2,2009,2
12/8/2013,21:00,25.5179,2,35.3444,2,8.05,2,1997,2
12/9/2013,0:00,25.6943,2,35.3569,2,8.05,2,2005,2
12/9/2013,3:00,25.9052,2,35.346,2,8.05,2,1997,2
12/9/2013,6:00,25.6454,2,35.3432,2,8.06,2,1964,2
12/9/2013,9:00,25.6059,2,35.3367,2,8.07,2,1985,2
12/9/2013,12:00,25.5506,2,35.3476,2,8.05,2,1994,2
12/9/2013,15:00,25.528,2,35.3506,2,8.04,2,2000,2
12/9/2013,18:00,25.4667,2,35.3564,2,8.04,2,2001,2
12/9/2013,21:00,25.6045,2,35.3512,2,8.05,2,1991,2
12/10/2013,0:00,25.8958,2,35.3504,2,8.05,2,1990,2
12/10/2013,3:00,25.8693,2,35.3448,2,8.06,2,1983,2
12/10/2013,6:00,25.545,2,35.36,2,8.07,2,1949,2
12/10/2013,9:00,25.5025,2,35.3145,2,8.07,2,1977,2
12/10/2013,12:00,25.5423,2,35.3506,2,8.07,2,1989,2
12/10/2013,15:00,25.515,2,35.3348,2,8.05,2,1997,2
12/10/2013,18:00,25.5159,2,35.3437,2,8.05,2,1999,2
12/10/2013,21:00,25.5423,2,35.3592,2,8.05,2,1995,2
12/11/2013,0:00,25.7846,2,35.3493,2,8.03,2,1977,2
12/11/2013,3:00,25.6939,2,35.351,2,8.05,2,1954,2
12/11/2013,6:00,25.5932,2,35.3588,2,8.07,2,1973,2
12/11/2013,9:00,25.5111,2,35.3658,2,8.07,2,1986,2
12/11/2013,12:00,25.4791,2,35.3463,2,8.06,2,1998,2
12/11/2013,15:00,25.4105,2,35.3562,2,8.06,2,2004,2
12/11/2013,18:00,25.4328,2,35.361,2,8.05,2,2007,2
12/11/2013,21:00,25.5098,2,35.356,2,8.06,2,1999,2
12/12/2013,0:00,25.6354,2,35.3417,2,8.05,2,1986,2
12/12/2013,3:00,25.5399,2,35.3446,2,8.06,2,1991,2
12/12/2013,6:00,25.4685,2,35.3477,2,8.06,2,1993,2
12/12/2013,9:00,25.4223,2,35.352,2,8.06,2,1998,2
12/12/2013,12:00,25.3829,2,35.3571,2,8.06,2,2005,2
12/12/2013,15:00,25.3397,2,35.3575,2,8.05,2,2007,2
12/12/2013,18:00,25.3974,2,35.3446,2,8.05,2,2011,2
12/12/2013,21:00,25.617,2,35.341,2,8.06,2,2000,2
12/13/2013,0:00,25.8973,2,35.3481,2,8.06,2,1985,2
12/13/2013,3:00,25.9142,2,35.3435,2,8.07,2,1991,2
12/13/2013,6:00,25.6879,2,35.331,2,8.08,2,1961,2
12/13/2013,9:00,25.5867,2,35.3361,2,8.06,2,1990,2
12/13/2013,12:00,25.4915,2,35.3465,2,8.1,3,1999,2
12/13/2013,15:00,25.4142,2,35.3318,2,8.06,2,2006,2
12/13/2013,18:00,25.3711,2,35.3238,2,8.03,2,2010,2
12/13/2013,21:00,25.5817,2,35.3416,2,8.05,2,2000,2
12/14/2013,0:00,25.6292,2,35.3358,2,8.07,2,1979,2
12/14/2013,3:00,25.706,2,35.3346,2,8.06,2,1985,2
12/14/2013,6:00,25.6847,2,35.3298,2,8.05,2,1976,2
12/14/2013,9:00,25.6072,2,35.3293,2,8.05,2,1992,2
12/14/2013,12:00,25.5552,2,35.3409,2,8.05,2,2002,2
12/14/2013,15:00,25.5082,2,35.3443,2,8.05,2,2009,2
12/14/2013,18:00,25.4615,2,35.347,2,8.05,2,2012,2
12/14/2013,21:00,25.5007,2,35.3428,2,8.05,2,1999,2
12/15/2013,0:00,25.8749,2,35.3351,2,8.06,2,1995,2
12/15/2013,3:00,25.8222,2,35.319,2,8.06,2,1965,2
12/15/2013,6:00,25.7742,2,35.3107,2,8.05,2,1980,2
12/15/2013,9:00,25.7022,2,35.3385,2,8.06,2,1994,2
12/15/2013,12:00,25.6165,2,35.3401,2,8.06,2,2006,2
12/15/2013,15:00,25.5414,2,35.3427,2,8.05,2,2010,2
12/15/2013,18:00,25.4777,2,35.3308,2,8.03,2,2013,2
12/15/2013,21:00,25.3726,2,35.1819,2,8.04,2,2013,2
12/16/2013,0:00,25.5381,2,35.3138,2,8.06,2,2017,2
12/16/2013,3:00,25.3228,2,34.9647,2,8.03,2,2018,2
12/16/2013,6:00,25.3075,2,35.1313,2,8.03,2,2015,2
12/16/2013,9:00,25.4085,2,35.2458,2,8.04,2,2017,2
12/16/2013,12:00,25.3557,2,35.2668,2,8.05,2,2015,2
12/16/2013,15:00,NaN,6,NaN,6,8.02,2,NaN,6
12/16/2013,18:00,25.148,2,35.2192,2,8.03,2,2019,2
12/16/2013,21:00,25.3935,2,35.1663,2,8.04,2,2010,2
12/17/2013,0:00,25.6045,2,35.1174,2,8.02,2,1999,2
12/17/2013,3:00,25.7395,2,35.193,2,8.03,2,2011,2
12/17/2013,6:00,25.7332,2,35.1758,2,8.08,2,1991,2
12/17/2013,9:00,25.4444,2,35.2248,2,8.05,2,1982,2
12/17/2013,12:00,25.2389,2,35.2394,2,8.05,2,2007,2
12/17/2013,15:00,25.0952,2,35.1085,2,8.02,2,2015,2
12/17/2013,18:00,25.1397,2,35.3279,2,8.05,2,2016,2
12/17/2013,21:00,25.3671,2,35.2722,2,8.03,2,2010,2
12/18/2013,0:00,25.667,2,35.3401,2,8.05,2,1995,2
12/18/2013,3:00,25.6891,2,35.273,2,8.08,2,1998,2
12/18/2013,6:00,25.3831,2,35.2548,2,8.09,2,1989,2
12/18/2013,9:00,25.1818,2,35.268,2,8.07,2,1984,2
12/18/2013,12:00,25.2264,2,35.3337,2,8.06,2,2004,2
12/18/2013,15:00,25.1786,2,35.3465,2,8.06,2,2013,2
12/18/2013,18:00,25.1367,2,35.3338,2,8.04,2,2016,2
12/18/2013,21:00,25.1503,2,35.2875,2,8.02,2,2010,2
12/19/2013,0:00,25.2528,2,35.3331,2,8.05,2,2005,2
12/19/2013,3:00,25.3307,2,35.3165,2,8.06,2,1979,2
12/19/2013,6:00,25.2096,2,35.279,2,8.06,2,1989,2
12/19/2013,9:00,25.2192,2,35.3342,2,8.06,2,2008,2
12/19/2013,12:00,25.1278,2,35.3246,2,8.06,2,2017,2
12/19/2013,15:00,25.0591,2,35.3105,2,8.05,2,2021,2
12/19/2013,18:00,25.0717,2,35.33,2,8.05,2,2022,2
12/19/2013,21:00,25.2144,2,35.3212,2,8.04,2,2013,2
12/20/2013,0:00,25.3287,2,35.3348,2,8.06,2,2007,2
12/20/2013,3:00,25.2988,2,35.2798,2,8.06,2,2012,2
12/20/2013,6:00,25.2657,2,35.2971,2,8.07,2,1985,2
12/20/2013,9:00,25.181,2,35.3226,2,8.11,3,2007,2
12/20/2013,12:00,25.1787,2,35.3355,2,8.06,2,2012,2
12/20/2013,15:00,25.1389,2,35.3076,2,8.05,2,2014,2
12/20/2013,18:00,25.1454,2,35.323,2,8.06,2,2016,2
12/20/2013,21:00,25.1923,2,35.3372,2,8.05,2,2009,2
12/21/2013,0:00,25.3226,2,35.2876,2,8.04,2,2004,2
12/21/2013,3:00,25.3147,2,35.3193,2,8.06,2,1994,2
12/21/2013,6:00,25.3421,2,35.3127,2,8.07,2,1994,2
12/21/2013,9:00,25.3159,2,35.2986,2,8.05,2,2002,2
12/21/2013,12:00,25.2645,2,35.3062,2,8.05,2,2011,2
12/21/2013,15:00,25.1994,2,35.2933,2,8.07,2,2017,2
12/21/2013,18:00,25.2481,2,35.3232,2,8.05,2,2018,2
12/21/2013,21:00,25.3112,2,35.2832,2,7.99,2,2021,2
12/22/2013,0:00,25.514,2,35.2871,2,8.03,2,1995,2
12/22/2013,3:00,25.5155,2,35.3143,2,8.05,2,2013,2
12/22/2013,6:00,25.3536,2,35.3195,2,8.06,2,1994,2
12/22/2013,9:00,25.3611,2,35.3133,2,8.05,2,2001,2
12/22/2013,12:00,25.3016,2,35.3217,2,8.05,2,2011,2
12/22/2013,15:00,25.248,2,35.3267,2,8.06,2,2019,2
12/22/2013,18:00,25.1911,2,35.3288,2,8.04,2,2022,2
12/22/2013,21:00,25.3207,2,35.2221,2,8.01,2,2020,2
12/23/2013,0:00,25.6558,2,35.1933,2,8.06,2,1995,2
12/23/2013,3:00,25.6778,2,35.2361,2,8.04,2,1985,2
12/23/2013,6:00,25.3526,2,35.2629,2,8.06,2,1989,2
12/23/2013,9:00,25.3063,2,35.2006,2,8.05,2,2002,2
12/23/2013,12:00,25.2008,2,35.3002,2,8.06,2,1995,2
12/23/2013,15:00,25.1358,2,35.3437,2,8.06,2,2016,2
12/23/2013,18:00,25.0699,2,35.3504,2,8.06,2,2017,2
12/23/2013,21:00,25.173,2,35.3271,2,8.04,2,2017,2
12/24/2013,0:00,25.4263,2,35.3137,2,8.05,2,1993,2
12/24/2013,3:00,25.3039,2,35.3305,2,8.08,2,2003,2
12/24/2013,6:00,25.1414,2,35.3629,2,8.08,2,1982,2
12/24/2013,9:00,25.084,2,35.3311,2,8.07,2,2003,2
12/24/2013,12:00,25.0683,2,35.357,2,8.06,2,2009,2
12/24/2013,15:00,24.9893,2,35.3543,2,8.06,2,2013,2
12/24/2013,18:00,25.0093,2,35.3576,2,8.06,2,2015,2
12/24/2013,21:00,25.1128,2,35.358,2,8.06,2,2007,2
12/25/2013,0:00,25.2253,2,35.351,2,8.06,2,2004,2
12/25/2013,3:00,25.2691,2,35.3244,2,8.06,2,2006,2
12/25/2013,6:00,25.2347,2,35.3442,2,8.08,2,1993,2
12/25/2013,9:00,25.135,2,35.3498,2,8.07,2,1987,2
12/25/2013,12:00,25.0598,2,35.3526,2,8.06,2,2009,2
12/25/2013,15:00,25.0098,2,35.3528,2,8.06,2,2017,2
12/25/2013,18:00,25.019,2,35.3564,2,8.06,2,2022,2
12/25/2013,21:00,25.0209,2,35.3486,2,8.05,2,2013,2
12/26/2013,0:00,25.2195,2,35.3195,2,8.04,2,1998,2
12/26/2013,3:00,25.2572,2,35.3417,2,8.07,2,1995,2
12/26/2013,6:00,25.0949,2,35.3527,2,8.07,2,1986,2
12/26/2013,9:00,25.0815,2,35.3564,2,8.07,2,2006,2
12/26/2013,12:00,25.1121,2,35.3545,2,NaN,6,2012,2
12/26/2013,15:00,25.0463,2,35.3525,2,NaN,6,2019,2
12/26/2013,18:00,25.0397,2,35.3465,2,8.06,2,2023,2
12/26/2013,21:00,25.2037,2,35.3494,2,8.06,2,2008,2
12/27/2013,0:00,25.4857,2,35.3544,2,8.07,2,2022,2
12/27/2013,3:00,25.5219,2,35.3543,2,8.07,2,1978,2
12/27/2013,6:00,25.4238,2,35.3544,2,8.08,2,1991,2
12/27/2013,9:00,25.3943,2,35.3534,2,8.06,2,1990,2
12/27/2013,12:00,25.3776,2,35.3511,2,8.06,2,2004,2
12/27/2013,15:00,25.3347,2,35.3523,2,8.06,2,2013,2
12/27/2013,18:00,25.2694,2,35.3545,2,8.07,2,2014,2
12/27/2013,21:00,25.3261,2,35.3553,2,8.06,2,2013,2
12/28/2013,0:00,25.3531,2,35.3517,2,8.04,2,1997,2
12/28/2013,3:00,25.3899,2,35.3386,2,8.08,2,1990,2
12/28/2013,6:00,25.1578,2,35.3342,2,8.08,2,1993,2
12/28/2013,9:00,25.1511,2,35.3559,2,8.06,2,2000,2
12/28/2013,12:00,25.1356,2,35.3586,2,8.07,2,2008,2
12/28/2013,15:00,25.0845,2,35.3602,2,8.06,2,2015,2
12/28/2013,18:00,25.0665,2,35.3646,2,8.06,2,2018,2
12/28/2013,21:00,25.1497,2,35.3693,2,8.06,2,2012,2
12/29/2013,0:00,25.2951,2,35.3629,2,8.05,2,1994,2
12/29/2013,3:00,25.2934,2,35.3651,2,8.08,2,2007,2
12/29/2013,6:00,25.1254,2,35.3663,2,8.07,2,1997,2
12/29/2013,9:00,25.0565,2,35.3652,2,8.11,3,1989,2
12/29/2013,12:00,25.0263,2,35.3685,2,8.07,2,2013,2
12/29/2013,15:00,24.9487,2,35.3715,2,8.07,2,2016,2
12/29/2013,18:00,24.9161,2,35.377,2,8.06,2,2019,2
12/29/2013,21:00,25.0612,2,35.3616,2,8.07,2,2020,2
12/30/2013,0:00,25.099,2,35.3693,2,8.07,2,2001,2
12/30/2013,3:00,25.0667,2,35.37,2,8.06,2,2001,2
12/30/2013,6:00,24.9914,2,35.3696,2,8.06,2,1994,2
12/30/2013,9:00,24.9342,2,35.3707,2,8.06,2,2012,2
12/30/2013,12:00,24.8912,2,35.3732,2,8.06,2,2017,2
12/30/2013,15:00,24.8421,2,35.3711,2,8.06,2,2021,2
12/30/2013,18:00,24.8281,2,35.3626,2,8.07,2,2024,2
12/30/2013,21:00,24.96,2,35.368,2,8.07,2,2015,2
12/31/2013,0:00,25.064,2,35.3719,2,8.07,2,2008,2
12/31/2013,3:00,24.9103,2,35.3534,2,8.07,2,1983,2
12/31/2013,6:00,24.8336,2,35.3581,2,8.07,2,1993,2
12/31/2013,9:00,24.8638,2,35.3697,2,8.07,2,2010,2
12/31/2013,12:00,24.8529,2,35.3688,2,8.07,2,2014,2
12/31/2013,15:00,24.8472,2,35.3672,2,8.07,2,2022,2
12/31/2013,18:00,24.8239,2,35.3669,2,8.08,2,2022,2
12/31/2013,21:00,25.0698,2,35.3726,2,8.07,2,2017,2
1/1/2014,0:00,25.2022,2,35.3638,2,8.06,2,2004,2
1/1/2014,3:00,25.3505,2,35.3709,2,8.07,2,2026,2
1/1/2014,6:00,25.278,2,35.3596,2,8.06,2,2012,2
1/1/2014,9:00,25.1256,2,35.3709,2,8.07,2,1992,2
1/1/2014,12:00,25.0676,2,35.3682,2,8.07,2,2008,2
1/1/2014,15:00,25.0259,2,35.3677,2,8.06,2,2019,2
1/1/2014,18:00,24.9847,2,35.3614,2,8.06,2,2018,2
1/1/2014,21:00,25.1555,2,35.3736,2,8.05,2,2017,2
1/2/2014,0:00,25.2739,2,35.3709,2,8.06,2,2011,2
1/2/2014,3:00,25.3438,2,35.3642,2,8.06,2,2025,2
1/2/2014,6:00,25.3227,2,35.3579,2,8.06,2,2017,2
1/2/2014,9:00,25.3034,2,35.3695,2,8.05,2,2000,2
1/2/2014,12:00,25.1711,2,35.3693,2,8.05,2,2017,2
1/2/2014,15:00,25.146,2,35.3665,2,8.06,2,2021,2
1/2/2014,18:00,25.1096,2,35.3685,2,NaN,6,2025,2
1/2/2014,21:00,25.1287,2,35.3693,2,NaN,6,2021,2
1/3/2014,0:00,25.1651,2,35.3443,2,8.06,2,2013,2
1/3/2014,3:00,25.1584,2,35.3692,2,8.07,2,2010,2
1/3/2014,6:00,25.0291,2,35.0403,2,8.07,2,2004,2
1/3/2014,9:00,25.0503,2,35.1811,2,8.05,2,2024,2
1/3/2014,12:00,24.9098,2,35.0304,2,8.03,2,2028,2
1/3/2014,15:00,24.8516,2,35.1788,2,8.03,2,2031,2
1/3/2014,18:00,24.7844,2,35.1561,2,8.04,2,2032,2
1/3/2014,21:00,24.8347,2,35.1419,2,8.04,2,2036,2
1/4/2014,0:00,24.8731,2,35.2663,2,8.05,2,2019,2
1/4/2014,3:00,24.8092,2,35.2583,2,8.08,2,1984,2
1/4/2014,6:00,24.7234,2,35.2907,2,8.07,2,2001,2
1/4/2014,9:00,24.5679,2,35.1958,2,8.07,2,2014,2
1/4/2014,12:00,24.5723,2,35.2991,2,8.06,2,2024,2
1/4/2014,15:00,24.4722,2,35.2308,2,8.06,2,2028,2
1/4/2014,18:00,24.4866,2,35.3298,2,8.06,2,2026,2
1/4/2014,21:00,24.5461,2,35.3269,2,8.07,2,2027,2
1/5/2014,0:00,24.6161,2,35.3193,2,8.07,2,2018,2
1/5/2014,3:00,24.759,2,35.3485,2,8.07,2,2008,2
1/5/2014,6:00,24.6454,2,35.316,2,8.07,2,2003,2
1/5/2014,9:00,24.6213,2,35.3215,2,8.07,2,2012,2
1/5/2014,12:00,24.6131,2,35.3372,2,8.07,2,2019,2
1/5/2014,15:00,24.5916,2,35.3486,2,8.07,2,2018,2
1/5/2014,18:00,24.6228,2,35.3431,2,8.08,2,2018,2
1/5/2014,21:00,24.6856,2,35.346,2,8.07,2,2017,2
1/6/2014,0:00,24.6269,2,35.3071,2,8.08,2,2009,2
1/6/2014,3:00,24.659,2,35.3279,2,8.07,2,2025,2
1/6/2014,6:00,24.6381,2,35.3442,2,8.07,2,2011,2
1/6/2014,9:00,24.5868,2,35.3336,2,8.07,2,2004,2
1/6/2014,12:00,24.5571,2,35.3529,2,8.07,2,2019,2
1/6/2014,15:00,24.549,2,35.332,2,8.07,2,2016,2
1/6/2014,18:00,24.518,2,35.3372,2,8.08,2,2015,2
1/6/2014,21:00,24.5099,2,35.2904,2,8.06,2,2011,2
1/7/2014,0:00,24.64,2,35.3402,2,8.08,2,2018,2
1/7/2014,3:00,24.6225,2,35.336,2,8.09,2,2021,2
1/7/2014,6:00,24.3621,2,35.3383,2,8.07,2,2012,2
1/7/2014,9:00,24.4333,2,35.3305,2,8.07,2,2002,2
1/7/2014,12:00,24.3208,2,35.3369,2,8.07,2,2015,2
1/7/2014,15:00,24.3935,2,35.3479,2,8.07,2,2016,2
1/7/2014,18:00,24.3974,2,35.3532,2,8.07,2,2015,2
1/7/2014,21:00,24.4136,2,35.3393,2,8.07,2,2012,2
1/8/2014,0:00,24.3997,2,35.3414,2,8.07,2,2011,2
1/8/2014,3:00,24.5009,2,35.3587,2,8.07,2,1988,2
1/8/2014,6:00,NaN,6,NaN,6,8.09,2,NaN,6
1/8/2014,9:00,NaN,6,NaN,6,8.08,2,NaN,6
1/8/2014,12:00,24.3713,2,35.3613,2,8.08,2,2016,2
1/8/2014,15:00,24.2396,2,35.3698,2,8.08,2,2017,2
1/8/2014,18:00,24.4307,2,35.3718,2,8.08,2,2018,2
1/8/2014,21:00,24.5587,2,35.3705,2,8.07,2,2013,2
1/9/2014,0:00,24.5838,2,35.3716,2,8.08,2,2008,2
1/9/2014,3:00,24.5856,2,35.3729,2,8.08,2,2019,2
1/9/2014,6:00,24.597,2,35.3742,2,8.08,2,2012,2
1/9/2014,9:00,24.5848,2,35.369,2,8.08,2,2014,2
1/9/2014,12:00,24.5426,2,35.368,2,8.08,2,2021,2
1/9/2014,15:00,24.5507,2,35.3709,2,8.07,2,2021,2
1/9/2014,18:00,24.5665,2,35.3743,2,8.08,2,2022,2
1/9/2014,21:00,24.7111,2,35.3775,2,8.08,2,2011,2
1/10/2014,0:00,24.7278,2,35.3669,2,8.07,2,2017,2
1/10/2014,3:00,24.8149,2,35.3803,2,8.07,2,2023,2
1/10/2014,6:00,24.6869,2,35.3262,2,8.09,2,2016,2
1/10/2014,9:00,24.7875,2,35.3729,2,8.07,2,2003,2
1/10/2014,12:00,24.734,2,35.37,2,8.07,2,2019,2
1/10/2014,15:00,24.7215,2,35.379,2,8.07,2,2018,2
1/10/2014,18:00,24.6735,2,35.3749,2,8.07,2,2026,2
1/10/2014,21:00,24.7531,2,35.3823,2,8.07,2,2014,2
1/11/2014,0:00,24.8106,2,35.2987,2,8.06,2,2025,2
1/11/2014,3:00,24.8151,2,35.3545,2,8.07,2,2030,2
1/11/2014,6:00,24.7346,2,35.3504,2,8.08,2,2014,2
1/11/2014,9:00,24.7137,2,35.3742,2,8.08,2,2000,2
1/11/2014,12:00,24.6844,2,35.3716,2,8.07,2,2017,2
1/11/2014,15:00,24.6463,2,35.3738,2,8.07,2,2020,2
1/11/2014,18:00,24.6232,2,35.3746,2,8.06,2,2023,2
1/11/2014,21:00,24.791,2,35.3821,2,8.08,2,2011,2
1/12/2014,0:00,24.8023,2,35.3767,2,8.08,2,2016,2
1/12/2014,3:00,24.7813,2,35.3525,2,8.07,2,1984,2
1/12/2014,6:00,24.6952,2,35.3146,2,8.06,2,2001,2
1/12/2014,9:00,24.7465,2,35.3744,2,8.07,2,2009,2
1/12/2014,12:00,24.6996,2,35.3639,2,8.07,2,2021,2
1/12/2014,15:00,24.7136,2,35.377,2,8.07,2,2018,2
1/12/2014,18:00,24.6281,2,35.3352,2,8.06,2,2021,2
1/12/2014,21:00,24.8534,2,35.3178,2,8.06,2,2015,2
1/13/2014,0:00,25.2715,2,35.37,2,8.06,2,2014,2
1/13/2014,3:00,25.2886,2,35.2824,2,8.07,2,2011,2
1/13/2014,6:00,25.2503,2,35.3506,2,8.08,2,1989,2
1/13/2014,9:00,25.1562,2,35.3456,2,8.07,2,1987,2
1/13/2014,12:00,25.0752,2,35.34,2,8.07,2,2009,2
1/13/2014,15:00,25.0152,2,35.3485,2,8.06,2,2015,2
1/13/2014,18:00,24.9884,2,35.3541,2,8.06,2,2015,2
1/13/2014,21:00,25.1026,2,35.3451,2,8.03,2,2020,2
1/14/2014,0:00,25.7923,2,35.3297,2,8.02,2,2007,2
1/14/2014,3:00,25.3455,2,35.3695,2,8.07,2,2012,2
1/14/2014,6:00,25.3329,2,35.3401,2,8.07,2,2011,2
1/14/2014,9:00,25.3362,2,35.2967,2,8.06,2,1984,2
1/14/2014,12:00,25.1902,2,35.2811,2,8.06,2,2009,2
1/14/2014,15:00,25.103,2,35.2177,2,8.03,2,2022,2
1/14/2014,18:00,25.0292,2,35.2906,2,8.03,2,2023,2
1/14/2014,21:00,25.0473,2,35.1711,2,8.06,2,2022,2
1/15/2014,0:00,25.211,2,35.2494,2,8.04,2,2010,2
1/15/2014,3:00,25.3112,2,35.2478,2,8.05,2,2015,2
1/15/2014,6:00,25.2558,2,35.2272,2,8.06,2,2013,2
1/15/2014,9:00,25.08,2,35.1873,2,8.06,2,1995,2
1/15/2014,12:00,24.9805,2,35.2534,2,8.05,2,2016,2
1/15/2014,15:00,24.8422,2,35.2106,2,8.03,2,2025,2
1/15/2014,18:00,24.76,2,35.1889,2,7.98,2,2034,2
1/15/2014,21:00,24.9122,2,35.2259,2,8.01,2,2027,2
1/16/2014,0:00,25.011,2,35.2858,2,8.13,3,2024,2
1/16/2014,3:00,25.0318,2,35.2893,2,8.06,2,1983,2
1/16/2014,6:00,25.0226,2,35.2882,2,8.08,2,1993,2
1/16/2014,9:00,24.9489,2,35.2657,2,8.07,2,2006,2
1/16/2014,12:00,24.9108,2,35.2774,2,8.04,2,2014,2
1/16/2014,15:00,24.8304,2,35.2505,2,8.05,2,2020,2
1/16/2014,18:00,24.708,2,35.2483,2,8.04,2,2024,2
1/16/2014,21:00,25.0105,2,35.1837,2,8.04,2,2016,2
1/17/2014,0:00,25.0403,2,35.2118,2,8.03,2,2007,2
1/17/2014,3:00,25.0289,2,35.2385,2,8.04,2,2007,2
1/17/2014,6:00,24.8852,2,35.2797,2,8.06,2,1997,2
1/17/2014,9:00,24.9388,2,35.1935,2,8.06,2,2006,2
1/17/2014,12:00,24.6525,2,35.2885,2,8.05,2,2017,2
1/17/2014,15:00,24.6523,2,35.2658,2,8.03,2,2025,2
1/17/2014,18:00,24.4315,2,35.282,2,8.06,2,2022,2
1/17/2014,21:00,24.7171,2,35.2543,2,8.05,2,2018,2
1/18/2014,0:00,24.9921,2,35.2814,2,8.05,2,2009,2
1/18/2014,3:00,24.8963,2,35.31,2,8.06,2,2015,2
1/18/2014,6:00,25.1538,2,35.2356,2,8.06,2,2007,2
1/18/2014,9:00,24.9979,2,35.2229,2,8.05,2,1988,2
1/18/2014,12:00,25.0309,2,35.3155,2,8.07,2,2005,2
1/18/2014,15:00,24.9215,2,35.3133,2,8.06,2,2012,2
1/18/2014,18:00,24.8585,2,35.323,2,8.05,2,2016,2
1/18/2014,21:00,25.0618,2,35.28,2,8.05,2,2013,2
1/19/2014,0:00,25.3523,2,35.2455,2,8.03,2,2007,2
1/19/2014,3:00,25.3196,2,35.2871,2,8.05,2,2022,2
1/19/2014,6:00,25.1459,2,35.3333,2,8.05,2,2010,2
1/19/2014,9:00,25.2339,2,35.308,2,8.06,2,1986,2
1/19/2014,12:00,24.8843,2,35.3241,2,8.04,2,2010,2
1/19/2014,15:00,24.9289,2,35.2776,2,8.02,2,2021,2
1/19/2014,18:00,24.6156,2,35.3266,2,8.03,2,2021,2
1/19/2014,21:00,24.9041,2,35.2872,2,8.05,2,2018,2
1/20/2014,0:00,25.2021,2,35.2809,2,8.05,2,2010,2
1/20/2014,3:00,25.1298,2,35.3017,2,8.05,2,1980,2
1/20/2014,6:00,25.0284,2,35.3434,2,8.06,2,2008,2
1/20/2014,9:00,25.0401,2,35.3385,2,8.05,2,1998,2
1/20/2014,12:00,24.9364,2,35.3423,2,8.04,2,2018,2
1/20/2014,15:00,24.7271,2,35.3671,2,8.04,2,2024,2
1/20/2014,18:00,24.7018,2,35.3559,2,8.06,2,2024,2
1/20/2014,21:00,24.9169,2,35.3554,2,8.05,2,2018,2
1/21/2014,0:00,25.0449,2,35.3603,2,8.05,2,2012,2
1/21/2014,3:00,25.1361,2,35.326,2,8.06,2,2025,2
1/21/2014,6:00,25.0262,2,35.3544,2,8.05,2,2007,2
1/21/2014,9:00,25.2014,2,35.3409,2,8.04,2,2004,2
1/21/2014,12:00,25.0219,2,35.3468,2,8.05,2,2015,2
1/21/2014,15:00,24.8994,2,35.3567,2,8.06,2,2020,2
1/21/2014,18:00,24.853,2,35.3409,2,8.05,2,2024,2
1/21/2014,21:00,24.9045,2,35.342,2,8.05,2,2019,2
1/22/2014,0:00,25.0107,2,35.3504,2,8.05,2,2014,2
1/22/2014,3:00,25.0574,2,35.3555,2,8.06,2,2015,2
1/22/2014,6:00,25.0073,2,35.3386,2,8.05,2,2011,2
1/22/2014,9:00,25.0651,2,35.3309,2,8.05,2,2010,2
1/22/2014,12:00,24.9052,2,35.3109,2,8.04,2,2025,2
1/22/2014,15:00,24.8182,2,35.2901,2,8.04,2,2029,2
1/22/2014,18:00,24.7787,2,35.2941,2,8.04,2,2026,2
1/22/2014,21:00,24.8005,2,35.2316,2,8.03,2,2027,2
1/23/2014,0:00,24.689,2,35.268,2,8.04,2,2027,2
1/23/2014,3:00,24.509,2,35.2982,2,8.07,2,2026,2
1/23/2014,6:00,24.3874,2,35.2701,2,8.06,2,2019,2
1/23/2014,9:00,24.2505,2,35.3128,2,8.06,2,2018,2
1/23/2014,12:00,24.0914,2,35.3256,2,8.06,2,2020,2
1/23/2014,15:00,24.178,2,35.3583,2,8.07,2,2019,2
1/23/2014,18:00,24.1976,2,35.3683,2,8.07,2,2013,2
1/23/2014,21:00,24.3418,2,35.3755,2,8.1,3,2009,2
1/24/2014,0:00,24.3412,2,35.2609,2,8.05,2,2016,2
1/24/2014,3:00,24.376,2,35.3347,2,8.07,2,1989,2
1/24/2014,6:00,24.2548,2,35.3182,2,8.07,2,2019,2
1/24/2014,9:00,24.2316,2,35.3414,2,8.07,2,2009,2
1/24/2014,12:00,24.1514,2,35.3133,2,8.06,2,2019,2
1/24/2014,15:00,24.2142,2,35.3692,2,8.07,2,2016,2
1/24/2014,18:00,24.1647,2,35.3705,2,8.06,2,2019,2
1/24/2014,21:00,24.2202,2,35.3441,2,8.07,2,2015,2
1/25/2014,0:00,24.3141,2,35.3382,2,8.06,2,2020,2
1/25/2014,3:00,24.404,2,35.3092,2,8.07,2,2036,2
1/25/2014,6:00,24.304,2,35.3316,2,8.06,2,2026,2
1/25/2014,9:00,24.2419,2,35.3367,2,8.06,2,2011,2
1/25/2014,12:00,24.1996,2,35.3392,2,8.06,2,2021,2
1/25/2014,15:00,24.3316,2,35.3644,2,8.07,2,2026,2
1/25/2014,18:00,24.2319,2,35.3607,2,8.06,2,2027,2
1/25/2014,21:00,24.272,2,35.3669,2,8.07,2,2019,2
1/26/2014,0:00,24.1085,2,35.3274,2,8.05,2,2020,2
1/26/2014,3:00,24.1883,2,35.3612,2,8.07,2,2018,2
1/26/2014,6:00,24.142,2,35.3615,2,8.07,2,2019,2
1/26/2014,9:00,24.1167,2,35.3638,2,8.07,2,2020,2
1/26/2014,12:00,24.0159,2,35.3407,2,8.05,2,2021,2
1/26/2014,15:00,24.0078,2,35.3682,2,8.06,2,2022,2
1/26/2014,18:00,23.8959,2,35.3321,2,8.05,2,2022,2
1/26/2014,21:00,24.1696,2,35.3612,2,8.07,2,2015,2
1/27/2014,0:00,24.1705,2,35.2962,2,8.07,2,2008,2
1/27/2014,3:00,24.1562,2,35.2628,2,8.06,2,2009,2
1/27/2014,6:00,24.0631,2,35.2797,2,8.06,2,2018,2
1/27/2014,9:00,24.044,2,35.3033,2,8.06,2,2019,2
1/27/2014,12:00,23.9999,2,35.3199,2,8.05,2,2021,2
1/27/2014,15:00,23.8524,2,35.2463,2,8.03,2,2026,2
1/27/2014,18:00,23.9339,2,35.2957,2,8.05,2,2023,2
1/27/2014,21:00,24.0705,2,35.3263,2,8.05,2,2018,2
1/28/2014,0:00,24.138,2,35.2936,2,8.05,2,2016,2
1/28/2014,3:00,24.1005,2,35.3092,2,8.06,2,1985,2
1/28/2014,6:00,24.0898,2,35.3497,2,8.06,2,2006,2
1/28/2014,9:00,24.0256,2,35.3344,2,8.06,2,2010,2
1/28/2014,12:00,24.0775,2,35.3516,2,8.07,2,2016,2
1/28/2014,15:00,24.0004,2,35.3525,2,8.06,2,2015,2
1/28/2014,18:00,23.8927,2,35.3487,2,8.06,2,2017,2
1/28/2014,21:00,24.2212,2,35.3508,2,8.07,2,2009,2
1/29/2014,0:00,24.1241,2,35.3479,2,8.07,2,2011,2
1/29/2014,3:00,23.9761,2,35.3406,2,8.07,2,2004,2
1/29/2014,6:00,24.2277,2,35.3507,2,8.08,2,2009,2
1/29/2014,9:00,24.4416,2,35.3286,2,8.08,2,2003,2
1/29/2014,12:00,24.4132,2,35.3183,2,8.08,2,2004,2
1/29/2014,15:00,24.3735,2,35.3256,2,8.08,2,2009,2
1/29/2014,18:00,24.5249,2,35.3147,2,8.08,2,2006,2
1/29/2014,21:00,24.4776,2,35.3265,2,8.08,2,2007,2
1/30/2014,0:00,24.6257,2,35.2585,2,8.08,2,2007,2
1/30/2014,3:00,24.6196,2,35.2402,2,8.08,2,2016,2
1/30/2014,6:00,24.5391,2,35.2442,2,8.08,2,2000,2
1/30/2014,9:00,24.548,2,35.3004,2,8.07,2,2004,2
1/30/2014,12:00,24.4893,2,35.3115,2,8.08,2,2011,2
1/30/2014,15:00,24.4372,2,35.3135,2,8.08,2,2012,2
1/30/2014,18:00,24.4861,2,35.2863,2,8.08,2,2011,2
1/30/2014,21:00,24.6531,2,35.2612,2,8.07,2,2009,2
1/31/2014,0:00,24.8623,2,35.2515,2,8.07,2,2021,2
1/31/2014,3:00,24.8687,2,35.2546,2,8.08,2,2028,2
1/31/2014,6:00,25.0161,2,35.1648,2,8.11,2,1992,2
1/31/2014,9:00,24.8682,2,35.1967,2,8.09,2,2003,2
1/31/2014,12:00,24.8312,2,35.2168,2,8.08,2,1996,2
1/31/2014,15:00,24.7485,2,35.2129,2,8.07,2,2012,2
1/31/2014,18:00,24.7506,2,35.2289,2,8.07,2,2011,2
1/31/2014,21:00,24.7614,2,35.2299,2,8.06,2,2010,2
2/1/2014,0:00,24.9081,2,35.2255,2,8.07,2,2009,2
2/1/2014,3:00,24.9514,2,35.2038,2,8.07,2,2003,2
2/1/2014,6:00,25.0047,2,35.1623,2,8.07,2,1997,2
2/1/2014,9:00,24.7957,2,35.2121,2,8.07,2,2012,2
2/1/2014,12:00,24.7321,2,35.2239,2,8.07,2,2014,2
2/1/2014,15:00,24.6836,2,35.2336,2,8.07,2,2017,2
2/1/2014,18:00,NaN,6,NaN,6,8.06,2,NaN,6
2/1/2014,21:00,NaN,6,NaN,6,8.04,2,NaN,6
2/2/2014,0:00,NaN,6,NaN,6,8.05,2,NaN,6
2/2/2014,3:00,NaN,6,NaN,6,8.05,2,NaN,6
2/2/2014,6:00,24.7365,2,35.1155,2,8.07,2,2001,2
2/2/2014,9:00,24.6911,2,35.1323,2,8.07,2,2004,2
2/2/2014,12:00,24.5945,2,35.1511,2,8.04,2,2015,2
2/2/2014,15:00,24.5765,2,35.1876,2,8.06,2,2017,2
2/2/2014,18:00,24.5416,2,35.1945,2,8.04,2,2017,2
2/2/2014,21:00,24.6767,2,35.0876,2,8.05,2,2013,2
2/3/2014,0:00,25.1032,2,35.0998,2,8.06,2,2007,2
2/3/2014,3:00,24.9855,2,35.1815,2,8.06,2,2021,2
2/3/2014,6:00,24.8801,2,35.131,2,8.09,2,2006,2
2/3/2014,9:00,24.6848,2,35.1878,2,8.07,2,1989,2
2/3/2014,12:00,24.6035,2,35.1978,2,8.06,2,2008,2
2/3/2014,15:00,24.4582,2,35.2104,2,8.06,2,2015,2
2/3/2014,18:00,24.4272,2,35.2267,2,8.05,2,2014,2
2/3/2014,21:00,24.488,2,35.2158,2,8.06,2,2015,2
2/4/2014,0:00,24.615,2,35.266,2,8.07,2,2003,2
2/4/2014,3:00,24.5821,2,35.2668,2,8.07,2,2002,2
2/4/2014,6:00,24.4054,2,35.1176,2,8.07,2,2002,2
2/4/2014,9:00,24.5216,2,35.2275,2,8.08,2,2010,2
2/4/2014,12:00,24.5043,2,35.2084,2,8.07,2,2012,2
2/4/2014,15:00,24.4878,2,35.2011,2,8.07,2,2013,2
2/4/2014,18:00,24.3123,2,35.0311,2,8.07,2,2007,2
2/4/2014,21:00,24.5506,2,35.1282,2,8.07,2,2010,2
2/5/2014,0:00,24.7914,2,35.1221,2,8.08,2,2007,2
2/5/2014,3:00,24.8582,2,35.1321,2,8.08,2,1975,2
2/5/2014,6:00,24.8766,2,35.1231,2,8.08,2,1998,2
2/5/2014,9:00,24.8402,2,35.1139,2,8.07,2,2006,2
2/5/2014,12:00,24.8301,2,35.1154,2,8.08,2,2009,2
2/5/2014,15:00,24.782,2,35.1184,2,8.07,2,2006,2
2/5/2014,18:00,24.749,2,35.119,2,8.07,2,2003,2
2/5/2014,21:00,24.7465,2,35.1046,2,8.06,2,2001,2
2/6/2014,0:00,24.8475,2,35.1101,2,8.06,2,1999,2
2/6/2014,3:00,25.0882,2,35.0006,2,8.06,2,1999,2
2/6/2014,6:00,24.9026,2,35.0872,2,8.06,2,2004,2
2/6/2014,9:00,24.8698,2,35.1023,2,8.06,2,1997,2
2/6/2014,12:00,24.8577,2,35.0323,2,8.05,2,2006,2
2/6/2014,15:00,24.782,2,34.8898,2,8.04,2,2005,2
2/6/2014,18:00,24.7945,2,34.9133,2,8.04,2,2003,2
2/6/2014,21:00,24.9027,2,35.0028,2,8.02,2,2008,2
2/7/2014,0:00,25.1419,2,35.0117,2,8.02,2,2003,2
2/7/2014,3:00,25.2093,2,35.021,2,8.03,2,2017,2
2/7/2014,6:00,25.0034,2,35.0142,2,8.05,2,2009,2
2/7/2014,9:00,25.0025,2,35.0343,2,8.05,2,1981,2
2/7/2014,12:00,24.8805,2,35.0767,2,8.06,2,2000,2
2/7/2014,15:00,NaN,6,NaN,6,8.04,2,NaN,6
2/7/2014,18:00,NaN,6,NaN,6,8.07,2,NaN,6
2/7/2014,21:00,24.9055,2,35.1026,2,8.06,2,2003,2
2/8/2014,0:00,25.1318,2,34.9734,2,8.05,2,2014,2
2/8/2014,3:00,25.2422,2,35.1068,2,8.09,2,1993,2
2/8/2014,6:00,24.9061,2,35.0928,2,8.07,2,2000,2
2/8/2014,9:00,24.878,2,35.0999,2,8.07,2,1982,2
2/8/2014,12:00,24.8368,2,35.1378,2,8.07,2,2007,2
2/8/2014,15:00,24.7393,2,35.1245,2,8.06,2,2009,2
2/8/2014,18:00,24.7159,2,35.1091,2,8.06,2,2015,2
2/8/2014,21:00,24.8713,2,35.1434,2,8.06,2,2005,2
2/9/2014,0:00,25.309,2,35.1578,2,8.06,2,2003,2
2/9/2014,3:00,25.3245,2,35.1135,2,8.06,2,1999,2
2/9/2014,6:00,25.0247,2,35.1032,2,8.07,2,1994,2
2/9/2014,9:00,24.8466,2,35.1011,2,8.07,2,1981,2
2/9/2014,12:00,24.7728,2,35.1485,2,8.08,2,2004,2
2/9/2014,15:00,24.7897,2,35.1033,2,8.05,2,2011,2
2/9/2014,18:00,24.7668,2,35.1434,2,8.06,2,2012,2
2/9/2014,21:00,24.8631,2,35.1359,2,8.06,2,2004,2
2/10/2014,0:00,25.2385,2,35.154,2,8.06,2,2006,2
2/10/2014,3:00,25.353,2,35.0012,2,8.06,2,2002,2
2/10/2014,6:00,25.5806,2,35.1132,2,8.1,2,1964,2
2/10/2014,9:00,25.2367,2,35.0372,2,8.08,2,1989,2
2/10/2014,12:00,25.142,2,35.09,2,8.07,2,1999,2
2/10/2014,15:00,25.0642,2,35.1209,2,8.03,2,2006,2
2/10/2014,18:00,25.0205,2,35.1264,2,8.03,2,2017,2
2/10/2014,21:00,25.2937,2,35.1178,2,8.04,2,2000,2
2/11/2014,0:00,25.6694,2,35.0294,2,8.05,2,2005,2
2/11/2014,3:00,26.0169,2,35.0737,2,8.06,2,1993,2
2/11/2014,6:00,25.8155,2,35.0717,2,8.08,2,1950,2
2/11/2014,9:00,25.6178,2,35.092,2,8.08,2,1968,2
2/11/2014,12:00,NaN,6,NaN,6,8.05,2,NaN,6
2/11/2014,15:00,NaN,6,NaN,6,8.06,2,NaN,6
2/11/2014,18:00,25.1282,2,35.0799,2,8.07,2,2005,2
2/11/2014,21:00,25.3863,2,35.0565,2,8.04,2,1999,2
2/12/2014,0:00,25.4778,2,35.0881,2,8.04,2,1992,2
2/12/2014,3:00,25.5901,2,35.0894,2,8.05,2,2008,2
2/12/2014,6:00,25.6491,2,35.0452,2,8.07,2,1979,2
2/12/2014,9:00,25.3594,2,35.0822,2,8.05,2,1973,2
2/12/2014,12:00,25.1993,2,35.0894,2,8.06,2,1993,2
2/12/2014,15:00,25.0886,2,35.0701,2,8.06,2,2002,2
2/12/2014,18:00,25.1658,2,35.0359,2,8.03,2,2011,2
2/12/2014,21:00,25.1856,2,35.0698,2,8.04,2,2003,2
2/13/2014,0:00,25.4666,2,35.0778,2,8.06,2,1993,2
2/13/2014,3:00,25.859,2,35.0621,2,8.04,2,1962,2
2/13/2014,6:00,25.5465,2,35.0459,2,8.06,2,1963,2
2/13/2014,9:00,25.4203,2,35.0827,2,8.06,2,1987,2
2/13/2014,12:00,25.301,2,35.0933,2,8.06,2,1994,2
2/13/2014,15:00,25.2642,2,35.0804,2,8.05,2,2006,2
2/13/2014,18:00,25.1413,2,35.0933,2,8.06,2,2007,2
2/13/2014,21:00,25.2833,2,35.0678,2,8.04,2,2006,2
2/14/2014,0:00,25.4358,2,35.0863,2,8.05,2,1989,2
2/14/2014,3:00,25.7959,2,35.0691,2,8.04,2,2014,2
2/14/2014,6:00,25.6447,2,35.0284,2,8.08,2,1983,2
2/14/2014,9:00,25.4936,2,35.048,2,8.06,2,1973,2
2/14/2014,12:00,25.0487,2,35.1211,2,8.06,2,1995,2
2/14/2014,15:00,25.1453,2,35.071,2,8.04,2,2005,2
2/14/2014,18:00,24.9995,2,35.1103,2,8.06,2,2005,2
2/14/2014,21:00,24.9783,2,35.1138,2,8.04,2,2006,2
2/15/2014,0:00,24.8877,2,35.1204,2,8.05,2,2009,2
2/15/2014,3:00,24.9233,2,35.0949,2,8.06,2,2002,2
2/15/2014,6:00,24.772,2,35.1533,2,8.01,3,2009,2
2/15/2014,9:00,24.4312,2,35.1998,2,8.03,2,2010,2
2/15/2014,12:00,24.4548,2,35.1167,2,8,3,2015,2
2/15/2014,15:00,24.4125,2,35.1123,2,8.06,2,2012,2
2/15/2014,18:00,24.3821,2,35.1665,2,8.06,2,2013,2
2/15/2014,21:00,24.4492,2,35.1397,2,8.03,2,2015,2
2/16/2014,0:00,24.5844,2,35.1041,2,8.04,2,2004,2
2/16/2014,3:00,24.9735,2,35.1335,2,8.06,2,2025,2
2/16/2014,6:00,24.7698,2,35.0806,2,8.07,2,1992,2
2/16/2014,9:00,24.7256,2,35.0462,2,8.05,2,2008,2
2/16/2014,12:00,24.7674,2,35.1428,2,8.06,2,2009,2
2/16/2014,15:00,24.7039,2,35.1525,2,8.06,2,2011,2
2/16/2014,18:00,24.6353,2,35.0509,2,8.04,2,2011,2
2/16/2014,21:00,24.531,2,35.018,2,8.03,2,2019,2
2/17/2014,0:00,24.6313,2,35.0721,2,8.05,2,2016,2
2/17/2014,3:00,24.5385,2,35.0402,2,8.04,2,1982,2
2/17/2014,6:00,24.5015,2,35.1301,2,8.04,2,2008,2
2/17/2014,9:00,24.6128,2,35.1549,2,8.07,2,2012,2
2/17/2014,12:00,24.5906,2,35.1557,2,8.07,2,2007,2
2/17/2014,15:00,24.4193,2,35.0518,2,8.05,2,2014,2
2/17/2014,18:00,24.4908,2,35.0658,2,8.07,2,2015,2
2/17/2014,21:00,24.4427,2,35.0476,2,8.05,2,2012,2
2/18/2014,0:00,24.432,2,34.9924,2,7.99,2,2017,2
2/18/2014,3:00,24.574,2,35.1325,2,8.06,2,2006,2
2/18/2014,6:00,24.5806,2,35.1364,2,8.06,2,2003,2
2/18/2014,9:00,24.4533,2,35.001,2,8.04,2,2011,2
2/18/2014,12:00,24.433,2,35.0269,2,8.04,2,2012,2
2/18/2014,15:00,24.4605,2,35.0704,2,8.03,2,2019,2
2/18/2014,18:00,24.4486,2,35.0831,2,8.03,2,2017,2
2/18/2014,21:00,24.658,2,34.954,2,8.02,2,2014,2
2/19/2014,0:00,24.688,2,35.0336,2,8.04,2,2008,2
2/19/2014,3:00,24.9839,2,34.8689,2,8.05,2,2023,2
2/19/2014,6:00,24.7823,2,34.9477,2,8.05,2,2005,2
2/19/2014,9:00,24.7844,2,35.0344,2,8.07,2,1987,2
2/19/2014,12:00,24.6387,2,35.1183,2,8.06,2,2005,2
2/19/2014,15:00,24.5619,2,35.0862,2,8.04,2,2013,2
2/19/2014,18:00,24.4452,2,35.1438,2,8.04,2,2014,2
2/19/2014,21:00,24.8984,2,34.9452,2,8.03,2,2010,2
2/20/2014,0:00,25.1593,2,34.9862,2,8.03,2,2012,2
2/20/2014,3:00,25.2729,2,35.0267,2,8.04,2,2024,2
2/20/2014,6:00,25.2501,2,35.0803,2,8.07,2,1998,2
2/20/2014,9:00,24.7966,2,35.1996,2,8.07,2,1978,2
2/20/2014,12:00,24.7806,2,35.1389,2,8.05,2,1993,2
2/20/2014,15:00,24.6399,2,35.163,2,8.01,2,2012,2
2/20/2014,18:00,24.2289,2,35.2245,2,8.06,2,2014,2
2/20/2014,21:00,24.3812,2,35.2482,2,8.07,2,2001,2
2/21/2014,0:00,24.7304,2,35.2449,2,8.06,2,2016,2
2/21/2014,3:00,25.1172,2,35.084,2,8.05,2,1975,2
2/21/2014,6:00,25.074,2,35.0917,2,8.05,2,1977,2
2/21/2014,9:00,25.0657,2,35.1991,2,NaN,6,1986,2
2/21/2014,12:00,24.9009,2,35.0227,2,NaN,6,2002,2
2/21/2014,15:00,24.6753,2,35.2529,2,8.05,2,2008,2
2/21/2014,18:00,24.5573,2,35.2837,2,8.05,2,2017,2
2/21/2014,21:00,24.8509,2,35.1929,2,8.02,2,2021,2
2/22/2014,0:00,24.8995,2,35.1672,2,8.03,2,2011,2
2/22/2014,3:00,25.1158,2,35.1972,2,8.06,2,2023,2
2/22/2014,6:00,25.1379,2,35.1716,2,8.07,2,2001,2
2/22/2014,9:00,24.9922,2,35.2468,2,8.07,2,1980,2
2/22/2014,12:00,24.9398,2,35.2519,2,8.05,2,1997,2
2/22/2014,15:00,24.6893,2,35.2246,2,8.05,2,2011,2
2/22/2014,18:00,24.6309,2,35.2696,2,8.05,2,2015,2
2/22/2014,21:00,25.0283,2,35.1452,2,8.02,2,2007,2
2/23/2014,0:00,25.0527,2,35.2709,2,8.03,2,2014,2
2/23/2014,3:00,25.2874,2,35.2902,2,8.06,2,2006,2
2/23/2014,6:00,25.1593,2,35.263,2,8.06,2,1967,2
2/23/2014,9:00,25.227,2,35.2869,2,8.08,2,1983,2
2/23/2014,12:00,25.0714,2,35.245,2,8.05,2,1997,2
2/23/2014,15:00,24.9442,2,35.2814,2,8.05,2,2008,2
2/23/2014,18:00,24.9001,2,35.2984,2,8.06,2,2012,2
2/23/2014,21:00,25.1329,2,35.3017,2,8.05,2,2008,2
2/24/2014,0:00,25.4423,2,35.3124,2,8.03,2,2020,2
2/24/2014,3:00,25.7276,2,35.2651,2,8.03,2,2018,2
2/24/2014,6:00,25.6841,2,35.1888,2,NaN,6,1988,2
2/24/2014,9:00,25.2793,2,35.2479,2,NaN,6,1982,2
2/24/2014,12:00,25.0805,2,35.2893,2,8.05,2,2001,2
2/24/2014,15:00,24.914,2,35.2295,2,8.04,2,2013,2
2/24/2014,18:00,24.8649,2,35.2578,2,8.06,2,2013,2
2/24/2014,21:00,25.0693,2,35.2479,2,8.03,2,2017,2
2/25/2014,0:00,25.1752,2,35.2824,2,8.03,2,1998,2
2/25/2014,3:00,25.1009,2,35.2849,2,8.07,2,1976,2
2/25/2014,6:00,24.8049,2,35.2025,2,8.06,2,1999,2
2/25/2014,9:00,24.7835,2,35.3147,2,8.06,2,1992,2
2/25/2014,12:00,24.6452,2,35.3162,2,8.06,2,2011,2
2/25/2014,15:00,24.5479,2,35.3187,2,8.05,2,2015,2
2/25/2014,18:00,24.616,2,35.314,2,8.06,2,2012,2
2/25/2014,21:00,24.657,2,35.3184,2,8.07,2,2015,2
2/26/2014,0:00,24.98,2,35.2468,2,8.04,2,2003,2
2/26/2014,3:00,24.9986,2,35.3022,2,8.05,2,2032,2
2/26/2014,6:00,24.705,2,35.2803,2,8.07,2,2016,2
2/26/2014,9:00,24.5505,2,35.3115,2,8.06,2,1992,2
2/26/2014,12:00,24.5298,2,35.3201,2,8.06,2,2008,2
2/26/2014,15:00,24.4804,2,35.3215,2,8.05,2,2014,2
2/26/2014,18:00,24.3893,2,35.3238,2,8.06,2,2012,2
2/26/2014,21:00,24.4426,2,35.3176,2,8.06,2,2020,2
2/27/2014,0:00,24.5691,2,35.3305,2,8.06,2,2001,2
2/27/2014,3:00,24.5622,2,35.3211,2,8.07,2,2020,2
2/27/2014,6:00,24.5237,2,35.3212,2,8.07,2,1999,2
2/27/2014,9:00,24.449,2,35.3252,2,8.06,2,2006,2
2/27/2014,12:00,24.3301,2,35.3283,2,8.07,2,2009,2
2/27/2014,15:00,24.3306,2,35.3257,2,8.07,2,2013,2
2/27/2014,18:00,24.2436,2,35.3283,2,8.06,2,2012,2
2/27/2014,21:00,24.3481,2,35.3306,2,8.07,2,2009,2
2/28/2014,0:00,24.5044,2,35.1675,2,8.06,2,2006,2
2/28/2014,3:00,24.4781,2,35.3123,2,8.07,2,2016,2
2/28/2014,6:00,24.44,2,35.3036,2,8.07,2,1999,2
2/28/2014,9:00,24.4439,2,35.3111,2,8.06,2,2014,2
2/28/2014,12:00,24.4112,2,35.309,2,8.06,2,2014,2
2/28/2014,15:00,24.3563,2,35.2726,2,8.07,2,2014,2
2/28/2014,18:00,24.3609,2,35.2843,2,8.07,2,2010,2
2/28/2014,21:00,24.3976,2,35.2906,2,8.06,2,2006,2
3/1/2014,0:00,24.5889,2,35.3102,2,8.07,2,2006,2
3/1/2014,3:00,24.7162,2,35.2971,2,8.07,2,1984,2
3/1/2014,6:00,24.6988,2,35.3112,2,8.07,2,2011,2
3/1/2014,9:00,24.6442,2,35.2985,2,8.06,2,1993,2
3/1/2014,12:00,24.5514,2,35.3038,2,8.06,2,2009,2
3/1/2014,15:00,24.5058,2,35.2789,2,8.05,2,2010,2
3/1/2014,18:00,24.4554,2,35.2894,2,8.06,2,2012,2
3/1/2014,21:00,24.5372,2,35.2383,2,8.04,2,2011,2
3/2/2014,0:00,24.4848,2,35.2585,2,8.05,2,2002,2
3/2/2014,3:00,24.6345,2,35.2686,2,8.06,2,2012,2
3/2/2014,6:00,24.5235,2,35.2507,2,8.05,2,2004,2
3/2/2014,9:00,24.3533,2,34.9374,2,8.06,2,2003,2
3/2/2014,12:00,24.4426,2,35.0238,2,8.05,2,2012,2
3/2/2014,15:00,24.4079,2,35.1378,2,8.05,2,2017,2
3/2/2014,18:00,24.3073,2,35.1444,2,8.06,2,2015,2
3/2/2014,21:00,24.3995,2,35.1065,2,8.04,2,2016,2
3/3/2014,0:00,24.3857,2,35.175,2,8.06,2,2018,2
3/3/2014,3:00,24.3054,2,35.2076,2,8.06,2,2014,2
3/3/2014,6:00,24.1935,2,35.2066,2,NaN,6,2012,2
3/3/2014,9:00,24.1606,2,35.1493,2,NaN,6,2011,2
3/3/2014,12:00,24.1271,2,35.2074,2,NaN,6,2012,2
3/3/2014,15:00,24.0553,2,35.2403,2,8.04,2,2016,2
3/3/2014,18:00,23.9918,2,35.2821,2,8.05,2,2012,2
3/3/2014,21:00,24.0042,2,35.2009,2,8,3,2010,2
3/4/2014,0:00,24.1411,2,35.19,2,8.06,2,2009,2
3/4/2014,3:00,24.0658,2,35.254,2,8.07,2,2008,2
3/4/2014,6:00,23.9925,2,35.2381,2,8.07,2,2010,2
3/4/2014,9:00,23.8368,2,35.2136,2,8.05,2,2010,2
3/4/2014,12:00,23.8484,2,35.2186,2,8.05,2,2010,2
3/4/2014,15:00,23.8492,2,35.2759,2,8.05,2,2007,2
3/4/2014,18:00,23.7827,2,35.2606,2,8.05,2,2010,2
3/4/2014,21:00,NaN,6,NaN,6,8.05,2,NaN,6
3/5/2014,0:00,NaN,6,NaN,6,8.06,2,NaN,6
3/5/2014,3:00,24.3198,2,35.2908,2,8.07,2,1990,2
3/5/2014,6:00,24.2229,2,35.2849,2,8.07,2,2010,2
3/5/2014,9:00,24.1697,2,35.2917,2,8.06,2,2009,2
3/5/2014,12:00,24.1602,2,35.2876,2,8.07,2,1995,2
3/5/2014,15:00,24.1124,2,35.2711,2,8.07,2,2004,2
3/5/2014,18:00,24.103,2,35.2635,2,8.08,2,1999,2
3/5/2014,21:00,24.3092,2,35.2651,2,8.07,2,2002,2
3/6/2014,0:00,24.4886,2,35.2718,2,8.07,2,2005,2
3/6/2014,3:00,24.5037,2,35.2652,2,8.07,2,2025,2
3/6/2014,6:00,24.3647,2,35.2347,2,8.07,2,2008,2
3/6/2014,9:00,24.3032,2,35.2567,2,8.07,2,1994,2
3/6/2014,12:00,24.1659,2,35.1731,2,8.06,2,2003,2
3/6/2014,15:00,24.1924,2,35.2583,2,8.06,2,2008,2
3/6/2014,18:00,24.1325,2,35.2645,2,8.06,2,2005,2
3/6/2014,21:00,24.3347,2,35.2357,2,8.05,2,2004,2
3/7/2014,0:00,24.6299,2,35.2269,2,8.05,2,2021,2
3/7/2014,3:00,24.6457,2,35.2676,2,8.07,2,2023,2
3/7/2014,6:00,24.62,2,35.2631,2,8.07,2,2013,2
3/7/2014,9:00,24.6733,2,35.2317,2,8.07,2,2005,2
3/7/2014,12:00,24.6517,2,35.1463,2,8.06,2,1992,2
3/7/2014,15:00,24.4972,2,35.1588,2,8.04,2,2011,2
3/7/2014,18:00,24.4856,2,35.2323,2,8.01,2,2009,2
3/7/2014,21:00,24.7612,2,35.1895,2,8.04,2,2007,2
3/8/2014,0:00,25.0147,2,35.2004,2,8.03,2,2006,2
3/8/2014,3:00,24.5136,2,35.0653,2,8.07,2,2016,2
3/8/2014,6:00,24.3251,2,35.195,2,8.08,2,1978,2
3/8/2014,9:00,24.3485,2,35.1445,2,8.06,2,2001,2
3/8/2014,12:00,24.2154,2,35.1255,2,8.05,2,2006,2
3/8/2014,15:00,24.0922,2,35.2024,2,8.04,2,2011,2
3/8/2014,18:00,24.0478,2,35.2085,2,8.02,3,2009,2
3/8/2014,21:00,24.1616,2,35.1394,2,8.05,2,2005,2
3/9/2014,0:00,24.6589,2,35.1316,2,8.03,2,2002,2
3/9/2014,3:00,24.6792,2,34.9794,2,8.09,2,1999,2
3/9/2014,6:00,24.502,2,35.1059,2,8.07,2,1995,2
3/9/2014,9:00,24.4337,2,35.1388,2,8.06,2,1990,2
3/9/2014,12:00,24.3329,2,35.15,2,8.05,2,2006,2
3/9/2014,15:00,24.303,2,35.1466,2,8.06,2,2005,2
3/9/2014,18:00,24.3542,2,35.1529,2,8.05,2,2003,2
3/9/2014,21:00,24.4608,2,35.2124,2,8.04,2,1998,2
3/10/2014,0:00,24.5739,2,35.2231,2,8.07,2,2014,2
3/10/2014,3:00,NaN,6,NaN,6,8.07,2,NaN,6
3/10/2014,6:00,NaN,6,NaN,6,8.08,2,NaN,6
3/10/2014,9:00,24.3943,2,35.2051,2,8.08,2,1982,2
3/10/2014,12:00,24.344,2,35.2107,2,8.08,2,1998,2
3/10/2014,15:00,24.3888,2,35.1764,2,8.07,2,2005,2
3/10/2014,18:00,24.3315,2,35.1853,2,8.07,2,2000,2
3/10/2014,21:00,24.5912,2,35.1653,2,8.05,2,2003,2
3/11/2014,0:00,24.7653,2,34.9491,2,8.05,2,2014,2
3/11/2014,3:00,NaN,6,NaN,6,8.05,2,NaN,6
3/11/2014,6:00,NaN,6,NaN,6,8.08,2,NaN,6
3/11/2014,9:00,24.6412,2,35.1466,2,8.07,2,1976,2
3/11/2014,12:00,24.5448,2,35.2044,2,8.07,2,2001,2
3/11/2014,15:00,24.4609,2,35.1474,2,8.06,2,2008,2
3/11/2014,18:00,24.4425,2,35.1093,2,8.06,2,2003,2
3/11/2014,21:00,24.7261,2,35.156,2,8.04,2,2002,2
3/12/2014,0:00,25.1344,2,35.2234,2,8.05,2,2019,2
3/12/2014,3:00,25.2789,2,35.1153,2,8.06,2,2013,2
3/12/2014,6:00,24.8176,2,35.2384,2,8.07,2,2000,2
3/12/2014,9:00,24.6766,2,35.2236,2,8.06,2,1979,2
3/12/2014,12:00,24.551,2,35.2282,2,8.06,2,1998,2
3/12/2014,15:00,24.498,2,35.2514,2,8.06,2,2004,2
3/12/2014,18:00,24.3972,2,35.1844,2,8.07,2,2005,2
3/12/2014,21:00,24.5482,2,35.2656,2,8.06,2,2007,2
3/13/2014,0:00,24.7853,2,35.2416,2,8.04,2,1991,2
3/13/2014,3:00,24.942,2,35.2454,2,8.08,2,1964,2
3/13/2014,6:00,24.4931,2,35.2708,2,8.08,2,1969,2
3/13/2014,9:00,24.5699,2,35.2771,2,8.07,2,1990,2
3/13/2014,12:00,24.5502,2,35.291,2,8.07,2,1998,2
3/13/2014,15:00,24.4824,2,35.2927,2,8.06,2,2002,2
3/13/2014,18:00,24.4552,2,35.262,2,8.07,2,1998,2
3/13/2014,21:00,24.6503,2,35.2787,2,8.07,2,1993,2
3/14/2014,0:00,24.7435,2,35.2748,2,8.06,2,2001,2
3/14/2014,3:00,24.9926,2,35.2693,2,8.09,2,1980,2
3/14/2014,6:00,24.7287,2,35.2371,2,8.08,2,1983,2
3/14/2014,9:00,24.702,2,35.2217,2,8.08,2,1986,2
3/14/2014,12:00,24.6995,2,35.211,2,8.07,2,1996,2
3/14/2014,15:00,24.7017,2,35.2108,2,8.07,2,1998,2
3/14/2014,18:00,24.6968,2,35.2093,2,8.07,2,1997,2
3/14/2014,21:00,24.9315,2,35.2154,2,8.07,2,1990,2
3/15/2014,0:00,25.1264,2,35.2331,2,8.07,2,2004,2
3/15/2014,3:00,24.998,2,35.2191,2,8.08,2,2005,2
3/15/2014,6:00,24.8812,2,35.2125,2,8.07,2,1977,2
3/15/2014,9:00,24.8332,2,35.2055,2,8.07,2,1988,2
3/15/2014,12:00,24.8389,2,35.1657,2,8.07,2,1995,2
3/15/2014,15:00,24.7922,2,35.1618,2,8.07,2,1996,2
3/15/2014,18:00,24.7662,2,35.1607,2,8.07,2,1994,2
3/15/2014,21:00,24.8672,2,35.1706,2,8.07,2,1997,2
3/16/2014,0:00,24.944,2,35.1722,2,8.07,2,1990,2
3/16/2014,3:00,24.9303,2,35.1723,2,8.08,2,1996,2
3/16/2014,6:00,24.7421,2,35.1715,2,8.08,2,1976,2
3/16/2014,9:00,24.686,2,35.1694,2,8.08,2,1990,2
3/16/2014,12:00,24.6599,2,35.1536,2,8.07,2,1995,2
3/16/2014,15:00,24.5373,2,35.1581,2,8.08,2,1997,2
3/16/2014,18:00,24.5636,2,35.1097,2,8.08,2,1993,2
3/16/2014,21:00,24.609,2,35.1171,2,8.07,2,1994,2
3/17/2014,0:00,24.7148,2,35.0675,2,8.07,2,1984,2
3/17/2014,3:00,24.7752,2,35.0647,2,8.08,2,1958,2
3/17/2014,6:00,24.7282,2,35.054,2,8.07,2,1988,2
3/17/2014,9:00,24.7189,2,35.052,2,8.07,2,1994,2
3/17/2014,12:00,24.6612,2,35.0619,2,8.07,2,1999,2
3/17/2014,15:00,24.6377,2,35.0658,2,8.07,2,1996,2
3/17/2014,18:00,24.5252,2,35.0727,2,8.07,2,1993,2
3/17/2014,21:00,24.6763,2,35.0718,2,8.07,2,1992,2
3/18/2014,0:00,24.7814,2,35.0752,2,8.07,2,1992,2
3/18/2014,3:00,24.8095,2,35.0714,2,8.09,2,2001,2
3/18/2014,6:00,24.6933,2,35.0783,2,8.09,2,1983,2
3/18/2014,9:00,24.6226,2,35.0795,2,8.08,2,1996,2
3/18/2014,12:00,24.5655,2,35.0663,2,8.07,2,2002,2
3/18/2014,15:00,24.5696,2,35.0689,2,8.07,2,1999,2
3/18/2014,18:00,24.5118,2,35.0747,2,8.07,2,2003,2
3/18/2014,21:00,24.5899,2,35.0839,2,8.07,2,1996,2
3/19/2014,0:00,24.7439,2,35.0921,2,8.07,2,1998,2
3/19/2014,3:00,24.7218,2,35.0928,2,8.09,2,2024,2
3/19/2014,6:00,24.6729,2,35.0976,2,8.09,2,1996,2
3/19/2014,9:00,24.6147,2,35.0966,2,8.08,2,1983,2
3/19/2014,12:00,24.5806,2,35.0953,2,8.07,2,2000,2
3/19/2014,15:00,24.5459,2,35.0938,2,8.07,2,2001,2
3/19/2014,18:00,24.4887,2,35.0663,2,8.07,2,2003,2
3/19/2014,21:00,24.6463,2,35.0875,2,8.07,2,1991,2
3/20/2014,0:00,24.8176,2,35.0841,2,8.07,2,2017,2
3/20/2014,3:00,24.6948,2,35.1094,2,8.09,2,2019,2
3/20/2014,6:00,24.716,2,35.12,2,8.1,2,1992,2
3/20/2014,9:00,24.5141,2,35.0711,2,8.08,2,1978,2
3/20/2014,12:00,24.5615,2,35.1099,2,8.08,2,1994,2
3/20/2014,15:00,24.4971,2,35.1158,2,8.08,2,1995,2
3/20/2014,18:00,24.4941,2,35.1328,2,8.06,2,2003,2
3/20/2014,21:00,24.6306,2,35.1239,2,8.07,2,1994,2
3/21/2014,0:00,24.7304,2,35.1175,2,8.07,2,2014,2
3/21/2014,3:00,24.8695,2,35.1422,2,8.09,2,1964,2
3/21/2014,6:00,24.7086,2,35.1483,2,8.1,2,1991,2
3/21/2014,9:00,24.5682,2,35.1579,2,8.08,2,1992,2
3/21/2014,12:00,24.5068,2,35.1322,2,8.07,2,1993,2
3/21/2014,15:00,24.4854,2,35.1707,2,8.07,2,2000,2
3/21/2014,18:00,24.453,2,35.1741,2,8.07,2,2003,2
3/21/2014,21:00,24.5444,2,35.1783,2,8.07,2,1998,2
3/22/2014,0:00,24.7316,2,35.1811,2,8.08,2,1992,2
3/22/2014,3:00,24.6794,2,35.2003,2,8.08,2,2017,2
3/22/2014,6:00,24.5427,2,35.2019,2,8.09,2,1984,2
3/22/2014,9:00,24.5296,2,35.1986,2,8.08,2,1984,2
3/22/2014,12:00,24.432,2,35.2033,2,8.07,2,1997,2
3/22/2014,15:00,24.5566,2,35.0348,2,8.08,2,1999,2
3/22/2014,18:00,24.5599,2,35.0389,2,8.08,2,1995,2
3/22/2014,21:00,24.7524,2,35.0331,2,8.08,2,1995,2
3/23/2014,0:00,24.8343,2,35.0317,2,8.08,2,1991,2
3/23/2014,3:00,24.8822,2,35.0651,2,8.09,2,2010,2
3/23/2014,6:00,24.8522,2,35.0536,2,8.09,2,1990,2
3/23/2014,9:00,24.7089,2,35.0093,2,8.08,2,1981,2
3/23/2014,12:00,24.6955,2,35.0195,2,8.07,2,1990,2
3/23/2014,15:00,24.6627,2,35.031,2,8.08,2,1999,2
3/23/2014,18:00,24.6057,2,35.0501,2,8.06,2,1997,2
3/23/2014,21:00,24.726,2,34.9722,2,8.07,2,1990,2
3/24/2014,0:00,24.8018,2,34.966,2,8.08,2,1988,2
3/24/2014,3:00,24.814,2,34.9733,2,8.08,2,2006,2
3/24/2014,6:00,24.7004,2,34.9606,2,8.08,2,1984,2
3/24/2014,9:00,24.7303,2,34.9839,2,8.08,2,1973,2
3/24/2014,12:00,24.6635,2,34.9856,2,8.07,2,1989,2
3/24/2014,15:00,24.6069,2,34.9664,2,8.06,2,1996,2
3/24/2014,18:00,24.583,2,34.9657,2,8.07,2,1998,2
3/24/2014,21:00,24.6729,2,34.9585,2,8.07,2,1992,2
3/25/2014,0:00,24.9135,2,34.9839,2,8.07,2,1986,2
3/25/2014,3:00,24.8296,2,34.9824,2,8.08,2,1956,2
3/25/2014,6:00,24.7209,2,34.9945,2,8.09,2,1966,2
3/25/2014,9:00,24.6266,2,35.0095,2,NaN,6,1984,2
3/25/2014,12:00,24.499,2,35.0043,2,NaN,6,1991,2
3/25/2014,15:00,24.5417,2,35.0066,2,8.07,2,1992,2
3/25/2014,18:00,24.4918,2,35.0074,2,8.07,2,1993,2
3/25/2014,21:00,24.6328,2,35.0061,2,8.07,2,1987,2
3/26/2014,0:00,24.8904,2,35.001,2,8.08,2,2002,2
3/26/2014,3:00,24.9215,2,35.0021,2,8.08,2,1989,2
3/26/2014,6:00,24.8037,2,35.0038,2,8.08,2,1980,2
3/26/2014,9:00,24.7212,2,35.0073,2,8.08,2,1979,2
3/26/2014,12:00,24.7044,2,35.0152,2,8.08,2,1990,2
3/26/2014,15:00,24.6721,2,34.996,2,8.08,2,1994,2
3/26/2014,18:00,24.6856,2,34.9929,2,8.07,2,1999,2
3/26/2014,21:00,24.8484,2,34.9863,2,8.07,2,1989,2
3/27/2014,0:00,25.0438,2,34.9781,2,8.08,2,2005,2
3/27/2014,3:00,25.2406,2,34.9162,2,8.07,2,2010,2
3/27/2014,6:00,25.2801,2,34.9682,2,8.08,2,1970,2
3/27/2014,9:00,25.1486,2,34.9768,2,8.06,2,1979,2
3/27/2014,12:00,24.9498,2,34.9798,2,8.05,2,1992,2
3/27/2014,15:00,25.0114,2,34.9488,2,8.04,2,1999,2
3/27/2014,18:00,24.9256,2,34.914,2,8.06,2,1992,2
3/27/2014,21:00,25.5065,2,34.779,2,8.06,2,1989,2
3/28/2014,0:00,25.5077,2,34.9149,2,8.06,2,2001,2
3/28/2014,3:00,25.6096,2,34.9424,2,NaN,6,2001,2
3/28/2014,6:00,25.781,2,34.9441,2,NaN,6,1981,2
3/28/2014,9:00,25.4753,2,34.949,2,8.05,2,1960,2
3/28/2014,12:00,25.3388,2,34.938,2,8.05,2,1987,2
3/28/2014,15:00,25.2013,2,34.9733,2,8.01,3,1997,2
3/28/2014,18:00,25.1592,2,34.8466,2,8.04,2,1995,2
3/28/2014,21:00,25.304,2,34.9149,2,8.06,2,1986,2
3/29/2014,0:00,25.6385,2,34.9073,2,8.06,2,2009,2
3/29/2014,3:00,26.1459,2,34.9671,2,8.08,2,1934,2
3/29/2014,6:00,25.7209,2,34.6997,2,8.05,2,1947,2
3/29/2014,9:00,25.5252,2,34.8456,2,8.06,2,1973,2
3/29/2014,12:00,25.2613,2,34.972,2,8.04,2,1990,2
3/29/2014,15:00,25.0652,2,34.9801,2,8.06,2,1999,2
3/29/2014,18:00,25.0597,2,34.8398,2,8.04,2,1998,2
3/29/2014,21:00,25.1672,2,34.923,2,8.04,2,2001,2
3/30/2014,0:00,25.2357,2,34.896,2,8.05,2,1986,2
3/30/2014,3:00,25.31,2,34.9441,2,8.06,2,1991,2
3/30/2014,6:00,25.2048,2,34.9542,2,8.04,3,1981,2
3/30/2014,9:00,24.8958,2,34.9353,2,8.06,2,1993,2
3/30/2014,12:00,24.7897,2,34.9715,2,8.05,2,2007,2
3/30/2014,15:00,24.5698,2,35.0119,2,8.07,2,2007,2
3/30/2014,18:00,24.6785,2,34.877,2,8.03,2,2010,2
3/30/2014,21:00,24.7346,2,34.9034,2,8.05,2,1998,2
3/31/2014,0:00,24.8084,2,35.0154,2,8.07,2,1998,2
3/31/2014,3:00,25.0974,2,35.0688,2,8.09,2,2008,2
3/31/2014,6:00,24.7837,2,35.0528,2,8.07,2,1980,2
3/31/2014,9:00,24.6331,2,35.0256,2,8.06,2,1994,2
3/31/2014,12:00,24.6102,2,35.0111,2,8.07,2,2002,2
3/31/2014,15:00,24.5219,2,35.0727,2,8.06,2,2004,2
3/31/2014,18:00,24.4772,2,35.0673,2,8.05,2,2007,2
3/31/2014,21:00,24.5975,2,35.065,2,8.06,2,2004,2
4/1/2014,0:00,24.948,2,35.0686,2,8.06,2,2002,2
4/1/2014,3:00,24.9567,2,35.0952,2,8.08,2,2016,2
4/1/2014,6:00,24.8869,2,35.0714,2,8.07,2,1974,2
4/1/2014,9:00,24.6999,2,35.0602,2,8.07,2,1990,2
4/1/2014,12:00,24.6363,2,35.068,2,8.07,2,1998,2
4/1/2014,15:00,24.5095,2,34.9989,2,8.06,2,2003,2
4/1/2014,18:00,24.5134,2,34.9735,2,8.06,2,2002,2
4/1/2014,21:00,24.6425,2,35.0365,2,8.06,2,2002,2
4/2/2014,0:00,24.8195,2,35.0691,2,8.07,2,1990,2
4/2/2014,3:00,24.9534,2,35.0883,2,8.1,2,1980,2
4/2/2014,6:00,24.8524,2,35.0603,2,8.1,2,1970,2
4/2/2014,9:00,24.6857,2,35.0674,2,8.07,2,1989,2
4/2/2014,12:00,24.6117,2,35.066,2,8.08,2,1997,2
4/2/2014,15:00,24.4841,2,35.0309,2,8.07,2,2000,2
4/2/2014,18:00,24.4644,2,35.0841,2,8.06,2,2002,2
4/2/2014,21:00,24.6037,2,35.0416,2,8.06,2,1993,2
4/3/2014,0:00,24.858,2,35.058,2,8.07,2,1993,2
4/3/2014,3:00,24.8993,2,35.0669,2,8.08,2,2007,2
4/3/2014,6:00,24.7124,2,35.0649,2,8.07,2,1980,2
4/3/2014,9:00,24.6786,2,35.0758,2,8.07,2,1989,2
4/3/2014,12:00,24.6738,2,35.0733,2,8.07,2,1996,2
4/3/2014,15:00,24.5026,2,35.0955,2,8.06,2,1999,2
4/3/2014,18:00,24.4792,2,35.085,2,8.06,2,1999,2
4/3/2014,21:00,24.6402,2,35.097,2,8.07,2,1995,2
4/4/2014,0:00,24.5776,2,35.1203,2,8.07,2,1988,2
4/4/2014,3:00,24.6633,2,35.1269,2,8.08,2,2001,2
4/4/2014,6:00,24.6013,2,35.1095,2,8.08,2,1993,2
4/4/2014,9:00,24.5081,2,35.121,2,8.07,2,1999,2
4/4/2014,12:00,24.4791,2,35.1288,2,8.07,2,2001,2
4/4/2014,15:00,24.4373,2,35.1292,2,8.07,2,2002,2
4/4/2014,18:00,24.4215,2,35.0987,2,8.07,2,2004,2
4/4/2014,21:00,24.6548,2,35.1259,2,8.07,2,2002,2
4/5/2014,0:00,24.7682,2,35.1288,2,8.07,2,2017,2
4/5/2014,3:00,24.812,2,35.1263,2,8.08,2,2004,2
4/5/2014,6:00,24.6672,2,35.1268,2,8.08,2,1984,2
4/5/2014,9:00,24.602,2,35.1271,2,8.07,2,1997,2
4/5/2014,12:00,24.5892,2,35.1294,2,8.07,2,1998,2
4/5/2014,15:00,24.5242,2,35.1168,2,8.06,2,2005,2
4/5/2014,18:00,24.4971,2,35.1154,2,8.07,2,2007,2
4/5/2014,21:00,25.1087,2,35.0981,2,8.05,2,2007,2
4/6/2014,0:00,25.281,2,35.084,2,8.06,2,2021,2
4/6/2014,3:00,25.2427,2,35.1024,2,8.07,2,1964,2
4/6/2014,6:00,25.438,2,35.0981,2,8.07,2,1964,2
4/6/2014,9:00,25.0759,2,35.0939,2,8.06,2,1989,2
4/6/2014,12:00,25.0013,2,35.1043,2,8.06,2,1994,2
4/6/2014,15:00,24.8325,2,35.1086,2,8.04,2,2009,2
4/6/2014,18:00,24.7133,2,35.1327,2,8.06,2,2010,2
4/6/2014,21:00,24.9673,2,35.0727,2,8.02,2,2012,2
4/7/2014,0:00,25.0674,2,35.1301,2,8.07,2,1991,2
4/7/2014,3:00,24.9933,2,35.1286,2,8.08,2,2017,2
4/7/2014,6:00,24.7896,2,35.1417,2,8.08,2,1992,2
4/7/2014,9:00,24.654,2,35.1453,2,8.08,2,1982,2
4/7/2014,12:00,24.6278,2,35.1366,2,8.06,2,1999,2
4/7/2014,15:00,24.5033,2,35.1234,2,8.05,2,2006,2
4/7/2014,18:00,24.4039,2,35.1551,2,8.07,2,2004,2
4/7/2014,21:00,24.5474,2,35.1566,2,8.05,2,2006,2
4/8/2014,0:00,24.7297,2,35.1474,2,8.08,2,1990,2
4/8/2014,3:00,25.0299,2,35.0797,2,8.08,2,1999,2
4/8/2014,6:00,24.9059,2,35.048,2,8.07,2,1989,2
4/8/2014,9:00,24.8693,2,35.0499,2,8.07,2,1996,2
4/8/2014,12:00,24.8261,2,35.0611,2,8.07,2,2003,2
4/8/2014,15:00,24.7662,2,35.0746,2,8.06,2,1992,2
4/8/2014,18:00,24.7331,2,35.0585,2,8.06,2,1992,2
4/8/2014,21:00,24.7638,2,35.0143,2,8.07,2,1981,2
4/9/2014,0:00,24.8106,2,35.0315,2,8.08,2,1980,2
4/9/2014,3:00,24.8452,2,34.9564,2,8.08,2,1980,2
4/9/2014,6:00,24.8071,2,34.9688,2,8.07,2,1981,2
4/9/2014,9:00,24.7584,2,34.9722,2,8.07,2,1987,2
4/9/2014,12:00,24.6888,2,34.9761,2,8.07,2,1995,2
4/9/2014,15:00,24.6671,2,34.9818,2,8.04,2,1988,2
4/9/2014,18:00,24.6971,2,34.99,2,8.07,2,1995,2
4/9/2014,21:00,24.7522,2,34.9878,2,8.07,2,1996,2
4/10/2014,0:00,24.7487,2,34.9449,2,8.08,2,1988,2
4/10/2014,3:00,NaN,6,NaN,6,8.08,2,NaN,6
4/10/2014,6:00,NaN,6,NaN,6,8.07,2,NaN,6
4/10/2014,9:00,24.7663,2,34.968,2,8.07,2,1991,2
4/10/2014,12:00,24.6844,2,34.9738,2,8.07,2,1996,2
4/10/2014,15:00,24.6714,2,34.9817,2,8.06,2,1998,2
4/10/2014,18:00,24.6484,2,35.0026,2,8.07,2,1998,2
4/10/2014,21:00,24.6709,2,35.0057,2,8.08,2,1997,2
4/11/2014,0:00,24.6925,2,35.0127,2,8.08,2,1997,2
4/11/2014,3:00,24.6637,2,35.028,2,NaN,6,2013,2
4/11/2014,6:00,24.6201,2,35.0324,2,NaN,6,1995,2
4/11/2014,9:00,24.6066,2,35.0287,2,NaN,6,1992,2
4/11/2014,12:00,24.5826,2,35.033,2,NaN,6,2003,2
4/11/2014,15:00,24.5492,2,35.0336,2,NaN,6,2004,2
4/11/2014,18:00,24.5844,2,35.0336,2,NaN,6,2004,2
4/11/2014,21:00,24.8226,2,35.045,2,8.07,2,1995,2
4/12/2014,0:00,24.6866,2,35.0157,2,8.08,2,2018,2
4/12/2014,3:00,24.7248,2,35.0109,2,8.08,2,2012,2
4/12/2014,6:00,24.5979,2,35.0078,2,8.07,2,2007,2
4/12/2014,9:00,NaN,6,NaN,6,8.05,2,NaN,6
4/12/2014,12:00,NaN,6,NaN,6,8.07,2,NaN,6
4/12/2014,15:00,24.4946,2,35.0195,2,8.07,2,2000,2
4/12/2014,18:00,24.4804,2,35.0193,2,8.06,2,2001,2
4/12/2014,21:00,24.5892,2,34.9976,2,8.05,2,2000,2
4/13/2014,0:00,24.8463,2,35.0164,2,8.05,2,1987,2
4/13/2014,3:00,24.8373,2,35.0197,2,8.07,2,2013,2
4/13/2014,6:00,24.7244,2,35.0105,2,8.09,2,2001,2
4/13/2014,9:00,24.5683,2,35.0955,2,8.08,2,1979,2
4/13/2014,12:00,24.475,2,35.1052,2,8.07,2,1998,2
4/13/2014,15:00,24.3619,2,35.0643,2,8.07,2,1999,2
4/13/2014,18:00,24.3741,2,35.0696,2,8.07,2,1997,2
4/13/2014,21:00,24.4657,2,35.0876,2,8.08,2,1997,2
4/14/2014,0:00,24.5234,2,35.0664,2,8.08,2,2003,2
4/14/2014,3:00,24.6046,2,35.0445,2,8.08,2,1994,2
4/14/2014,6:00,24.505,2,35.0693,2,8.08,2,1984,2
4/14/2014,9:00,24.3931,2,35.0915,2,8.07,2,1991,2
4/14/2014,12:00,24.3239,2,35.0989,2,8.07,2,2003,2
4/14/2014,15:00,24.3117,2,35.0653,2,8.07,2,1997,2
4/14/2014,18:00,24.2157,2,35.0563,2,8.07,2,1993,2
4/14/2014,21:00,24.325,2,35.0754,2,8.08,2,1993,2
4/15/2014,0:00,24.439,2,35.0335,2,8.08,2,1988,2
4/15/2014,3:00,24.4703,2,35.0766,2,8.08,2,2001,2
4/15/2014,6:00,24.4416,2,35.0865,2,8.07,2,1989,2
4/15/2014,9:00,24.4737,2,35.1079,2,8.07,2,1997,2
4/15/2014,12:00,24.4572,2,35.1081,2,8.07,2,2000,2
4/15/2014,15:00,24.4332,2,35.1158,2,8.07,2,2004,2
4/15/2014,18:00,24.3812,2,35.116,2,8.06,2,2004,2
4/15/2014,21:00,24.6047,2,35.0898,2,8.07,2,1998,2
4/16/2014,0:00,24.6549,2,35.0892,2,8.09,2,2005,2
4/16/2014,3:00,24.7236,2,35.0731,2,8.08,2,2015,2
4/16/2014,6:00,24.6719,2,35.0872,2,8.09,2,1981,2
4/16/2014,9:00,24.5818,2,35.091,2,8.07,2,1996,2
4/16/2014,12:00,24.5713,2,35.08,2,8.07,2,2001,2
4/16/2014,15:00,24.5139,2,35.0842,2,8.06,2,1996,2
4/16/2014,18:00,24.3872,2,35.0734,2,8.07,2,1997,2
4/16/2014,21:00,24.5528,2,35.0743,2,8.07,2,1996,2
4/17/2014,0:00,24.7354,2,35.0607,2,8.07,2,1999,2
4/17/2014,3:00,24.7737,2,35.0889,2,8.09,2,2019,2
4/17/2014,6:00,24.7199,2,35.0813,2,8.1,2,1982,2
4/17/2014,9:00,24.5972,2,35.0883,2,8.08,2,1989,2
4/17/2014,12:00,24.5783,2,35.0821,2,8.08,2,1992,2
4/17/2014,15:00,24.5094,2,35.0865,2,8.07,2,1991,2
4/17/2014,18:00,24.4964,2,35.083,2,8.07,2,2000,2
4/17/2014,21:00,24.5955,2,35.0865,2,8.08,2,1988,2
4/18/2014,0:00,24.7389,2,35.0917,2,8.08,2,2006,2
4/18/2014,3:00,25.0943,2,35.1115,2,8.12,2,1941,2
4/18/2014,6:00,25.0925,2,35.1086,2,8.11,2,1956,2
4/18/2014,9:00,24.7551,2,35.0929,2,8.07,2,1989,2
4/18/2014,12:00,24.7436,2,35.091,2,8.07,2,1995,2
4/18/2014,15:00,24.6575,2,35.0955,2,8.07,2,1999,2
4/18/2014,18:00,24.6017,2,35.0517,2,8.07,2,1996,2
4/18/2014,21:00,24.7071,2,35.0752,2,8.08,2,1997,2
4/19/2014,0:00,25.0352,2,35.0872,2,8.08,2,1990,2
4/19/2014,3:00,24.9371,2,35.0924,2,8.09,2,2015,2
4/19/2014,6:00,25.0097,2,35.0971,2,8.1,2,1967,2
4/19/2014,9:00,24.7981,2,35.0845,2,8.08,2,1978,2
4/19/2014,12:00,24.7322,2,35.0806,2,8.07,2,1995,2
4/19/2014,15:00,24.6312,2,35.0842,2,8.07,2,1993,2
4/19/2014,18:00,24.6061,2,35.075,2,8.06,2,2000,2
4/19/2014,21:00,NaN,6,NaN,6,8.07,2,NaN,6
4/20/2014,0:00,NaN,6,NaN,6,8.06,2,NaN,6
4/20/2014,3:00,24.8205,2,35.0982,2,8.09,2,2012,2
4/20/2014,6:00,24.6874,2,35.1032,2,8.08,2,1978,2
4/20/2014,9:00,24.6903,2,35.1051,2,8.09,2,1987,2
4/20/2014,12:00,24.5897,2,35.1081,2,8.08,2,1991,2
4/20/2014,15:00,24.5602,2,35.1048,2,8.04,3,2006,2
4/20/2014,18:00,24.4959,2,35.1095,2,8.06,2,1999,2
4/20/2014,21:00,24.624,2,35.1115,2,8.07,2,2004,2
4/21/2014,0:00,24.6846,2,35.1149,2,8.08,2,1981,2
4/21/2014,3:00,24.653,2,35.1231,2,8.09,2,1992,2
4/21/2014,6:00,24.618,2,35.1243,2,8.08,2,1984,2
4/21/2014,9:00,24.5719,2,35.1186,2,8.07,2,1991,2
4/21/2014,12:00,24.5442,2,35.1202,2,8.07,2,1992,2
4/21/2014,15:00,24.501,2,35.1183,2,8.05,2,1988,2
4/21/2014,18:00,24.5022,2,35.1093,2,8.07,2,2002,2
4/21/2014,21:00,24.5765,2,35.1128,2,8.08,2,1989,2
4/22/2014,0:00,24.6313,2,35.1079,2,8.07,2,1986,2
4/22/2014,3:00,24.6494,2,35.1134,2,8.09,2,1983,2
4/22/2014,6:00,24.5374,2,35.1246,2,8.06,2,1980,2
4/22/2014,9:00,24.4842,2,35.1265,2,8.07,2,1999,2
4/22/2014,12:00,24.4436,2,35.1259,2,8.07,2,2000,2
4/22/2014,15:00,24.3969,2,35.1214,2,8.06,2,2000,2
4/22/2014,18:00,24.4458,2,35.0897,2,8.06,2,1995,2
4/22/2014,21:00,24.5464,2,35.107,2,8.06,2,2000,2
4/23/2014,0:00,24.6661,2,35.1088,2,8.09,2,1989,2
4/23/2014,3:00,24.6783,2,35.1301,2,8.1,2,2003,2
4/23/2014,6:00,24.5099,2,35.1105,2,8.07,2,1986,2
4/23/2014,9:00,24.4027,2,35.1255,2,8.06,2,2000,2
4/23/2014,12:00,24.3487,2,35.1272,2,8.06,2,2003,2
4/23/2014,15:00,24.3006,2,35.1196,2,8.05,2,2005,2
4/23/2014,18:00,NaN,6,NaN,6,8.06,2,NaN,6
4/23/2014,21:00,NaN,6,NaN,6,8.06,2,NaN,6
4/24/2014,0:00,24.566,2,35.1275,2,8.03,3,2016,2
4/24/2014,3:00,24.558,2,35.1257,2,8.08,2,2015,2
4/24/2014,6:00,24.6424,2,35.1417,2,8.09,2,1981,2
4/24/2014,9:00,24.446,2,35.1406,2,8.07,2,2002,2
4/24/2014,12:00,24.3819,2,35.1364,2,8.06,2,1996,2
4/24/2014,15:00,24.3462,2,35.14,2,8.05,2,1999,2
4/24/2014,18:00,24.3691,2,35.1249,2,8.06,2,2005,2
4/24/2014,21:00,24.5215,2,35.1302,2,8.07,2,1997,2
4/25/2014,0:00,24.726,2,35.141,2,8.08,2,2006,2
4/25/2014,3:00,24.7663,2,35.1502,2,8.11,2,1996,2
4/25/2014,6:00,24.6353,2,35.1442,2,8.09,2,1976,2
4/25/2014,9:00,24.4993,2,35.139,2,8.07,2,1994,2
4/25/2014,12:00,24.4822,2,35.1339,2,8.06,2,1989,2
4/25/2014,15:00,24.3965,2,35.0951,2,8.05,2,1983,2
4/25/2014,18:00,24.4218,2,35.1149,2,8.06,2,1988,2
4/25/2014,21:00,24.4946,2,35.1302,2,8.07,2,1976,2
4/26/2014,0:00,24.5767,2,35.1347,2,8.08,2,1976,2
4/26/2014,3:00,24.5857,2,35.1389,2,8.09,2,1975,2
4/26/2014,6:00,24.5596,2,35.143,2,8.08,2,1974,2
4/26/2014,9:00,24.4502,2,35.1414,2,8.06,2,1985,2
4/26/2014,12:00,24.4957,2,35.1365,2,8.07,2,1987,2
4/26/2014,15:00,24.3687,2,35.0891,2,8.07,2,1993,2
4/26/2014,18:00,24.7053,2,35.109,2,8.07,2,1986,2
4/26/2014,21:00,24.7875,2,35.1051,2,8.08,2,1986,2
4/27/2014,0:00,24.8676,2,35.1093,2,7.94,3,1979,2
4/27/2014,3:00,24.9462,2,35.1195,2,8.1,2,1982,2
4/27/2014,6:00,24.8956,2,35.1125,2,8.08,2,1976,2
4/27/2014,9:00,24.8976,2,35.0653,2,8.07,2,1987,2
4/27/2014,12:00,25.0051,2,35.0602,2,8.06,2,1987,2
4/27/2014,15:00,25.0008,2,35.0619,2,8.06,2,1986,2
4/27/2014,18:00,24.9844,2,35.0645,2,8.06,2,1979,2
4/27/2014,21:00,25.2231,2,35.0488,2,8.08,2,1986,2
4/28/2014,0:00,25.3365,2,35.0553,2,8.09,2,1968,2
4/28/2014,3:00,25.3565,2,35.0534,2,8.1,2,2008,2
4/28/2014,6:00,25.2862,2,35.0571,2,8.08,2,2000,2
4/28/2014,9:00,25.2353,2,35.054,2,8.07,2,1962,2
4/28/2014,12:00,25.1751,2,35.0552,2,8.06,2,1988,2
4/28/2014,15:00,25.1463,2,35.0512,2,8.06,2,1988,2
4/28/2014,18:00,25.1553,2,35.052,2,8.07,2,1988,2
4/28/2014,21:00,25.407,2,34.9754,2,8.08,2,1986,2
4/29/2014,0:00,25.5831,2,35.04,2,8.08,2,2005,2
4/29/2014,3:00,25.6851,2,34.9934,2,8.08,2,1997,2
4/29/2014,6:00,25.4452,2,34.9874,2,8.08,2,1990,2
4/29/2014,9:00,25.2815,2,35.0143,2,8.05,2,1968,2
4/29/2014,12:00,25.1485,2,35.0404,2,8.07,2,1985,2
4/29/2014,15:00,25.1211,2,35.0374,2,8.06,2,1989,2
4/29/2014,18:00,25.1537,2,35.0421,2,8.05,2,1988,2
4/29/2014,21:00,25.224,2,35.0077,2,8.06,2,1986,2
4/30/2014,0:00,25.4502,2,35.0093,2,8.07,2,2004,2
4/30/2014,3:00,25.3908,2,35.0611,2,8.1,2,1988,2
4/30/2014,6:00,25.1846,2,35.0652,2,8.08,2,1972,2
4/30/2014,9:00,25.2621,2,35.0182,2,8.06,2,1980,2
4/30/2014,12:00,25.2232,2,35.0123,2,8.06,2,1991,2
4/30/2014,15:00,25.1946,2,35.0179,2,8.06,2,1987,2
4/30/2014,18:00,25.2058,2,34.9737,2,8.07,2,1989,2
4/30/2014,21:00,25.3801,2,35.0096,2,8.08,2,1984,2
5/1/2014,0:00,25.4596,2,35.0073,2,8.08,2,2000,2
5/1/2014,3:00,25.6417,2,35.0244,2,8.1,2,1993,2
5/1/2014,6:00,25.3314,2,35.01,2,8.08,2,1969,2
5/1/2014,9:00,25.2361,2,35.0207,2,8.06,2,1983,2
5/1/2014,12:00,25.2,2,35.02,2,8.06,2,1989,2
5/1/2014,15:00,25.1597,2,34.9897,2,8.06,2,1992,2
5/1/2014,18:00,25.1232,2,34.998,2,8.07,2,1983,2
5/1/2014,21:00,25.2963,2,35.0107,2,8.07,2,1988,2
5/2/2014,0:00,25.4594,2,35.0157,2,8.07,2,1994,2
5/2/2014,3:00,25.4345,2,35.0284,2,8.1,2,2011,2
5/2/2014,6:00,NaN,6,NaN,6,8.11,2,NaN,6
5/2/2014,9:00,NaN,6,NaN,6,8.06,2,NaN,6
5/2/2014,12:00,NaN,6,NaN,6,8.06,2,NaN,6
5/2/2014,15:00,NaN,6,NaN,6,8.07,2,NaN,6
5/2/2014,18:00,25.2335,2,35.0318,2,8.06,2,1989,2
5/2/2014,21:00,25.255,2,35.0186,2,8.08,2,1987,2
5/3/2014,0:00,25.3332,2,35.0249,2,8.06,2,1974,2
5/3/2014,3:00,25.3637,2,35.0057,2,8.08,2,1988,2
5/3/2014,6:00,25.3571,2,35.0196,2,8.05,2,1974,2
5/3/2014,9:00,25.3197,2,34.958,2,8.06,2,1977,2
5/3/2014,12:00,NaN,6,NaN,6,8.05,2,NaN,6
5/3/2014,15:00,NaN,6,NaN,6,8.03,2,NaN,6
5/3/2014,18:00,NaN,6,NaN,6,8.07,2,NaN,6
5/3/2014,21:00,NaN,6,NaN,6,8.07,2,NaN,6
5/4/2014,0:00,NaN,6,NaN,6,8.07,2,NaN,6
5/4/2014,3:00,NaN,6,NaN,6,8.08,2,NaN,6
5/4/2014,6:00,NaN,6,NaN,6,8.06,2,NaN,6
5/4/2014,9:00,26.0201,2,34.9961,2,8.04,3,1955,2
5/4/2014,12:00,25.7499,2,34.9954,2,8.03,3,1982,2
5/4/2014,15:00,25.5116,2,35.0189,2,8,3,1991,2
5/4/2014,18:00,25.6505,2,34.9547,2,8.05,2,1991,2
5/4/2014,21:00,25.9285,2,34.9009,2,8.02,2,1978,2
5/5/2014,0:00,26.1225,2,34.9543,2,8.08,2,1992,2
5/5/2014,3:00,26.3327,2,34.9028,2,8.08,2,2006,2
5/5/2014,6:00,26.1003,2,34.854,2,8.06,2,1987,2
5/5/2014,9:00,26.0126,2,34.9259,2,8.05,2,1981,2
5/5/2014,12:00,25.8901,2,34.9352,2,8.04,2,1975,2
5/5/2014,15:00,25.7618,2,34.926,2,8.04,2,1988,2
5/5/2014,18:00,25.7067,2,34.9499,2,8,2,1993,2
5/5/2014,21:00,25.9282,2,34.7988,2,8.04,2,1981,2
5/6/2014,0:00,26.216,2,34.9603,2,8.03,2,1994,2
5/6/2014,3:00,26.1477,2,34.9034,2,8.07,2,1983,2
5/6/2014,6:00,25.9245,2,34.9472,2,8.05,2,1971,2
5/6/2014,9:00,25.8321,2,34.931,2,8.05,2,1952,2
5/6/2014,12:00,25.7896,2,34.944,2,8.05,2,1981,2
5/6/2014,15:00,25.6875,2,34.8504,2,8.03,2,1979,2
5/6/2014,18:00,25.6779,2,34.9258,2,8.05,2,1988,2
5/6/2014,21:00,25.8965,2,34.8638,2,8.05,3,1996,2
5/7/2014,0:00,25.8866,2,34.9117,2,8.04,2,1985,2
5/7/2014,3:00,25.9866,2,34.9712,2,8.07,2,1973,2
5/7/2014,6:00,25.8418,2,34.9884,2,8.05,2,1980,2
5/7/2014,9:00,25.7428,2,34.9951,2,8.04,2,1979,2
5/7/2014,12:00,25.6872,2,34.9908,2,8.03,2,1984,2
5/7/2014,15:00,25.6789,2,34.951,2,NaN,6,1998,2
5/7/2014,18:00,25.6296,2,34.9714,2,NaN,6,1994,2
5/7/2014,21:00,25.7033,2,34.9739,2,NaN,6,1981,2
5/8/2014,0:00,26.1476,2,34.9879,2,NaN,6,1981,2
5/8/2014,3:00,26.5023,2,34.9673,2,NaN,6,1980,2
5/8/2014,6:00,26.2971,2,34.9848,2,NaN,6,1979,2
5/8/2014,9:00,25.9463,2,34.9287,2,NaN,6,1954,2
5/8/2014,12:00,25.8212,2,34.981,2,NaN,6,1981,2
5/8/2014,15:00,25.4476,2,35.0154,2,NaN,6,1996,2
5/8/2014,18:00,25.3323,2,35.0171,2,NaN,6,1994,2
5/8/2014,21:00,25.5342,2,34.9855,2,NaN,6,1987,2
5/9/2014,0:00,26.1587,2,34.9515,2,NaN,6,1998,2
5/9/2014,3:00,26.3196,2,34.9294,2,NaN,6,1994,2
5/9/2014,6:00,26.1672,2,34.8704,2,NaN,6,1970,2
5/9/2014,9:00,25.8878,2,34.997,2,NaN,6,1969,2
5/9/2014,12:00,25.774,2,35.0207,2,8.01,3,1985,2
5/9/2014,15:00,25.4828,2,35.0456,2,NaN,6,1999,2
5/9/2014,18:00,25.5556,2,35.0597,2,NaN,6,2006,2
5/9/2014,21:00,26.0199,2,34.9786,2,NaN,6,1994,2
5/10/2014,0:00,26.115,2,35.0631,2,NaN,6,2009,2
5/10/2014,3:00,26.2836,2,35.0579,2,8.04,3,2001,2
5/10/2014,6:00,26.0254,2,35.0749,2,NaN,6,1962,2
5/10/2014,9:00,25.7208,2,35.0912,2,NaN,6,1981,2
5/10/2014,12:00,24.9557,2,35.1477,2,NaN,6,2010,2
5/10/2014,15:00,25.6219,2,35.1433,2,NaN,6,1984,2
5/10/2014,18:00,25.539,2,35.1336,2,NaN,6,1993,2
5/10/2014,21:00,25.6222,2,35.1261,2,NaN,6,1981,2
5/11/2014,0:00,26.1977,2,35.1004,2,NaN,6,2007,2
5/11/2014,3:00,26.0558,2,35.0785,2,NaN,6,2003,2
5/11/2014,6:00,25.8789,2,35.0743,2,NaN,6,1978,2
5/11/2014,9:00,25.9887,2,35.08,2,NaN,6,1978,2
5/11/2014,12:00,25.921,2,35.0911,2,NaN,6,1983,2
5/11/2014,15:00,25.8506,2,35.1053,2,NaN,6,1996,2
5/11/2014,18:00,25.9092,2,35.0944,2,NaN,6,1994,2
5/11/2014,21:00,25.9499,2,35.022,2,NaN,6,1991,2
5/12/2014,0:00,26.1275,2,35.0601,2,NaN,6,1994,2
5/12/2014,3:00,26.2219,2,35.076,2,NaN,6,1994,2
5/12/2014,6:00,25.6592,2,35.0381,2,NaN,6,1994,2
5/12/2014,9:00,25.668,2,35.0453,2,NaN,6,1996,2
5/12/2014,12:00,25.6114,2,34.998,2,NaN,6,1998,2
5/12/2014,15:00,25.5309,2,34.9969,2,NaN,6,1998,2
5/12/2014,18:00,25.4796,2,35.0236,2,NaN,6,1994,2
5/12/2014,21:00,25.5645,2,35.0195,2,NaN,6,1996,2
5/13/2014,0:00,25.7864,2,34.9986,2,NaN,6,1996,2
5/13/2014,3:00,25.6713,2,34.9697,2,NaN,6,1994,2
5/13/2014,6:00,25.5156,2,34.9773,2,NaN,6,1981,2
5/13/2014,9:00,25.4489,2,35.0196,2,NaN,6,1999,2
5/13/2014,12:00,25.413,2,35.0271,2,NaN,6,2007,2
5/13/2014,15:00,25.2839,2,34.9329,2,NaN,6,2008,2
5/13/2014,18:00,25.3096,2,34.9373,2,NaN,6,1999,2
5/13/2014,21:00,25.3959,2,34.9527,2,NaN,6,1992,2
5/14/2014,0:00,25.4613,2,34.9694,2,NaN,6,1998,2
5/14/2014,3:00,25.4166,2,34.9604,2,NaN,6,2018,2
5/14/2014,6:00,25.389,2,34.961,2,NaN,6,1992,2
5/14/2014,9:00,25.2686,2,34.9669,2,NaN,6,1991,2
5/14/2014,12:00,25.2549,2,34.9542,2,NaN,6,1999,2
5/14/2014,15:00,25.2284,2,34.9615,2,NaN,6,2004,2
5/14/2014,18:00,25.2421,2,34.9517,2,NaN,6,2010,2
5/14/2014,21:00,25.3926,2,34.9582,2,NaN,6,1991,2
5/15/2014,0:00,25.5386,2,34.9641,2,NaN,6,2029,2
5/15/2014,3:00,25.4925,2,34.9708,2,NaN,4,2031,2
5/15/2014,6:00,25.5093,2,34.9877,2,NaN,4,1989,2
5/15/2014,9:00,25.3672,2,34.9614,2,NaN,4,1988,2
5/15/2014,12:00,25.338,2,34.9245,2,NaN,4,2011,2
5/15/2014,15:00,25.281,2,34.9572,2,NaN,4,2009,2
5/15/2014,18:00,25.3271,2,34.9684,2,NaN,4,2012,2
5/15/2014,21:00,25.411,2,34.9633,2,NaN,4,1998,2
5/16/2014,0:00,26.216,2,34.9413,2,NaN,4,1992,2
5/16/2014,3:00,25.909,2,34.8571,2,NaN,4,1985,2
5/16/2014,6:00,25.6413,2,34.9975,2,NaN,4,1979,2
5/16/2014,9:00,25.3759,2,34.9234,2,NaN,4,1971,2
5/16/2014,12:00,25.3842,2,34.9366,2,NaN,4,1995,2
5/16/2014,15:00,25.309,2,34.9598,2,NaN,4,2007,2
5/16/2014,18:00,25.2716,2,34.9613,2,NaN,4,2011,2
5/16/2014,21:00,25.4566,2,34.9532,2,8,4,2016,2
5/17/2014,0:00,25.4677,2,34.9904,2,8,4,1999,2
5/17/2014,3:00,25.9099,2,35.0238,2,NaN,4,1974,2
5/17/2014,6:00,25.485,2,34.9701,2,NaN,4,1973,2
5/17/2014,9:00,25.3144,2,34.9892,2,8.02,4,2011,2
5/17/2014,12:00,25.3199,2,34.9963,2,NaN,4,2001,2
5/17/2014,15:00,25.2988,2,34.9836,2,NaN,4,2018,2
5/17/2014,18:00,25.2986,2,34.9799,2,8.02,4,2029,2
5/17/2014,21:00,25.3523,2,34.9898,2,8.03,4,1999,2
5/18/2014,0:00,25.5468,2,35.006,2,7.99,4,2017,2
5/18/2014,3:00,25.9142,2,35.0084,2,7.99,4,2005,2
5/18/2014,6:00,25.6411,2,35.0033,2,8,4,1999,2
5/18/2014,9:00,25.5237,2,35.011,2,7.99,4,1988,2
5/18/2014,12:00,25.4497,2,34.9962,2,8.02,4,2012,2
5/18/2014,15:00,25.3909,2,34.9943,2,NaN,4,2002,2
5/18/2014,18:00,25.3306,2,34.9966,2,NaN,4,2019,2
5/18/2014,21:00,25.5456,2,35.0223,2,NaN,4,2012,2
5/19/2014,0:00,25.742,2,35.0346,2,NaN,4,2029,2
5/19/2014,3:00,26.1903,2,34.844,2,NaN,4,2020,2
5/19/2014,6:00,NaN,6,NaN,6,NaN,4,NaN,6
5/19/2014,9:00,NaN,6,NaN,6,NaN,4,NaN,6
5/19/2014,12:00,NaN,6,NaN,6,NaN,4,NaN,6
5/19/2014,15:00,NaN,6,NaN,6,NaN,4,NaN,6
5/19/2014,18:00,25.2305,2,34.9999,2,8.13,4,2027,2
5/19/2014,21:00,25.4195,2,34.8058,2,8.14,4,2009,2
5/20/2014,0:00,25.6306,2,34.9521,2,NaN,4,2034,2
5/20/2014,3:00,25.7297,2,34.9772,2,NaN,4,2004,2
5/20/2014,6:00,25.4481,2,35.0053,2,NaN,4,1973,2
5/20/2014,9:00,25.3195,2,35.034,2,NaN,4,2003,2
5/20/2014,12:00,25.1114,2,34.9769,2,NaN,4,2008,2
5/20/2014,15:00,25.1699,2,34.9864,2,NaN,4,2021,2
5/20/2014,18:00,25.1897,2,35.0127,2,NaN,4,2021,2
5/20/2014,21:00,25.1438,2,35.0134,2,NaN,4,2012,2
5/21/2014,0:00,25.2911,2,35.0172,2,NaN,4,2013,2
5/21/2014,3:00,25.6794,2,34.9423,2,NaN,4,2008,2
5/21/2014,6:00,25.3308,2,35.0174,2,NaN,4,1990,2
5/21/2014,9:00,25.2714,2,34.9993,2,NaN,4,2009,2
5/21/2014,12:00,25.0978,2,34.9501,2,NaN,4,2017,2
5/21/2014,15:00,25.1613,2,34.9147,2,NaN,4,2026,2
5/21/2014,18:00,25.1146,2,34.9764,2,NaN,4,2028,2
5/21/2014,21:00,25.2824,2,35.0619,2,NaN,4,2015,2
5/22/2014,0:00,25.266,2,35.0765,2,NaN,4,2033,2
5/22/2014,3:00,25.7979,2,35.0309,2,7.99,4,2032,2
5/22/2014,6:00,25.5838,2,35.046,2,8.09,4,2010,2
5/22/2014,9:00,25.6006,2,35.0822,2,NaN,4,1992,2
5/22/2014,12:00,25.5476,2,35.0724,2,NaN,4,2012,2
5/22/2014,15:00,25.4635,2,34.991,2,NaN,4,2031,2
5/22/2014,18:00,25.5106,2,35.0586,2,NaN,4,2022,2
5/22/2014,21:00,25.658,2,35.0827,2,8.01,4,2022,2
5/23/2014,0:00,25.9867,2,34.9581,2,8.03,4,2042,2
5/23/2014,3:00,26.2025,2,35.0321,2,NaN,4,2025,2
5/23/2014,6:00,26.0464,2,35.0488,2,NaN,4,2020,2
5/23/2014,9:00,25.9737,2,35.0476,2,NaN,4,1986,2
5/23/2014,12:00,26.1089,2,35.0096,2,NaN,4,2007,2
5/23/2014,15:00,25.7915,2,35.0453,2,NaN,4,1997,2
5/23/2014,18:00,25.7841,2,34.9686,2,NaN,4,2018,2
5/23/2014,21:00,26.0437,2,35.0127,2,7.93,4,2006,2
5/24/2014,0:00,26.6813,2,35.0318,2,7.99,4,2029,2
5/24/2014,3:00,26.5501,2,35.0355,2,NaN,4,2001,2
5/24/2014,6:00,26.4901,2,34.933,2,NaN,4,1973,2
5/24/2014,9:00,26.3871,2,34.99,2,NaN,4,1992,2
5/24/2014,12:00,26.3464,2,34.9798,2,NaN,4,2007,2
5/24/2014,15:00,26.0812,2,34.9894,2,NaN,4,2019,2
5/24/2014,18:00,26.004,2,34.7613,2,NaN,4,2033,2
5/24/2014,21:00,25.87,2,35.0362,2,NaN,4,2019,2
5/25/2014,0:00,26.3045,2,34.9383,2,NaN,4,2011,2
5/25/2014,3:00,26.0872,2,34.8782,2,NaN,4,2006,2
5/25/2014,6:00,26.0489,2,34.9228,2,8.01,4,2018,2
5/25/2014,9:00,26.0727,2,34.9491,2,7.96,4,2010,2
5/25/2014,12:00,25.6898,2,34.2639,2,NaN,4,2001,2
5/25/2014,15:00,25.7825,2,34.8562,2,NaN,4,2023,2
5/25/2014,18:00,25.7098,2,34.7628,2,NaN,4,2030,2
5/25/2014,21:00,25.6902,2,34.9008,2,NaN,4,2022,2
5/26/2014,0:00,25.7555,2,34.9692,2,NaN,4,2018,2
5/26/2014,3:00,25.7254,2,34.9668,2,NaN,4,2023,2
5/26/2014,6:00,25.753,2,34.7986,2,NaN,4,2006,2
5/26/2014,9:00,25.3301,2,34.9448,2,NaN,4,2011,2
5/26/2014,12:00,25.159,2,34.9807,2,NaN,4,2020,2
5/26/2014,15:00,25.1352,2,34.9749,2,NaN,4,2028,2
5/26/2014,18:00,25.1988,2,34.9527,2,NaN,4,2007,2
5/26/2014,21:00,25.2859,2,34.8927,2,NaN,4,2014,2
5/27/2014,0:00,25.5519,2,34.9629,2,NaN,4,2015,2
5/27/2014,3:00,25.6441,2,35.0409,2,8.07,4,2025,2
5/27/2014,6:00,25.3108,2,35.0011,2,7.91,4,2037,2
5/27/2014,9:00,25.0793,2,35.0195,2,7.97,4,2002,2
5/27/2014,12:00,25.0006,2,35.0057,2,NaN,4,2019,2
5/27/2014,15:00,25.0688,2,34.974,2,NaN,4,2012,2
5/27/2014,18:00,25.0465,2,35.0237,2,NaN,4,2010,2
5/27/2014,21:00,25.2055,2,35.0337,2,NaN,4,2018,2
5/28/2014,0:00,25.3871,2,35.0646,2,NaN,4,2026,2
5/28/2014,3:00,25.678,2,35.0651,2,NaN,4,2007,2
5/28/2014,6:00,25.4144,2,35.0518,2,NaN,4,1988,2
5/28/2014,9:00,25.3049,2,35.0506,2,NaN,4,2012,2
5/28/2014,12:00,25.2228,2,35.0669,2,NaN,4,2020,2
5/28/2014,15:00,25.1391,2,35.0844,2,NaN,4,2020,2
5/28/2014,18:00,25.1404,2,35.0712,2,NaN,4,2008,2
5/28/2014,21:00,25.337,2,35.0669,2,NaN,4,2013,2
5/29/2014,0:00,25.5462,2,35.0833,2,NaN,4,2013,2
5/29/2014,3:00,25.6922,2,35.0954,2,NaN,4,2018,2
5/29/2014,6:00,25.4814,2,35.0815,2,NaN,4,2000,2
5/29/2014,9:00,25.402,2,35.0766,2,NaN,4,2001,2
5/29/2014,12:00,25.2876,2,35.0901,2,NaN,4,2007,2
5/29/2014,15:00,25.2368,2,35.0853,2,NaN,4,2029,2
5/29/2014,18:00,25.366,2,35.1014,2,NaN,4,2015,2
5/29/2014,21:00,25.8975,2,35.0047,2,NaN,4,2005,2
5/30/2014,0:00,26.1696,2,34.8917,2,NaN,4,2016,2
5/30/2014,3:00,26.2688,2,34.9369,2,NaN,4,2034,2
5/30/2014,6:00,26.1892,2,34.9546,2,NaN,4,1988,2
5/30/2014,9:00,25.851,2,34.8559,2,NaN,4,2000,2
5/30/2014,12:00,25.8523,2,34.8673,2,NaN,4,2007,2
5/30/2014,15:00,25.7739,2,34.8962,2,NaN,4,2016,2
5/30/2014,18:00,25.7351,2,34.8628,2,NaN,4,2009,2
5/30/2014,21:00,25.9033,2,34.8757,2,NaN,4,2024,2
5/31/2014,0:00,26.2175,2,34.9336,2,NaN,4,2035,2
5/31/2014,3:00,26.116,2,34.9224,2,NaN,4,2037,2
5/31/2014,6:00,26.0281,2,34.9031,2,NaN,4,1978,2
5/31/2014,9:00,25.8592,2,34.8843,2,NaN,4,1999,2
5/31/2014,12:00,25.7759,2,34.8927,2,NaN,4,2018,2
5/31/2014,15:00,25.7762,2,34.9055,2,NaN,4,2018,2
5/31/2014,18:00,25.7581,2,34.9044,2,NaN,4,2023,2
5/31/2014,21:00,25.8264,2,34.8574,2,NaN,4,1999,2
6/1/2014,0:00,25.9757,2,34.8949,2,8.05,4,2019,2
6/1/2014,3:00,26.1748,2,34.9092,2,NaN,4,2004,2
6/1/2014,6:00,26.0212,2,34.905,2,NaN,4,1989,2
6/1/2014,9:00,25.9267,2,34.9022,2,NaN,4,1999,2
6/1/2014,12:00,25.8469,2,34.8993,2,NaN,4,2014,2
6/1/2014,15:00,25.7868,2,34.8961,2,NaN,4,2024,2
6/1/2014,18:00,25.8024,2,34.8997,2,NaN,4,2013,2
6/1/2014,21:00,26.0507,2,34.9069,2,NaN,4,2017,2
6/2/2014,0:00,26.1788,2,34.9155,2,NaN,4,2048,2
6/2/2014,3:00,26.3041,2,34.927,2,NaN,4,2019,2
6/2/2014,6:00,26.2253,2,34.9281,2,NaN,4,2017,2
6/2/2014,9:00,26.1309,2,34.8951,2,NaN,4,2015,2
6/2/2014,12:00,26.1257,2,34.8711,2,NaN,4,2014,2
6/2/2014,15:00,26.0591,2,34.8128,2,NaN,4,2019,2
6/2/2014,18:00,26.0539,2,34.8142,2,NaN,4,2020,2
6/2/2014,21:00,26.2422,2,34.8139,2,NaN,4,2019,2
6/3/2014,0:00,26.3977,2,34.8006,2,NaN,4,2026,2
6/3/2014,3:00,26.4671,2,34.7818,2,NaN,4,2019,2
6/3/2014,6:00,26.6747,2,34.7808,2,NaN,4,2017,2
6/3/2014,9:00,26.3727,2,34.7563,2,NaN,4,2016,2
6/3/2014,12:00,26.3314,2,34.7668,2,NaN,4,2010,2
6/3/2014,15:00,26.2862,2,34.7683,2,NaN,4,2030,2
6/3/2014,18:00,26.305,2,34.7714,2,NaN,4,2024,2
6/3/2014,21:00,26.4789,2,34.771,2,NaN,4,2009,2
6/4/2014,0:00,26.8629,2,34.7409,2,NaN,4,2040,2
6/4/2014,3:00,26.571,2,34.7572,2,NaN,4,2035,2
6/4/2014,6:00,26.5597,2,34.7446,2,NaN,4,1997,2
6/4/2014,9:00,26.4534,2,34.7462,2,NaN,4,2014,2
6/4/2014,12:00,26.4298,2,34.7205,2,NaN,4,2011,2
6/4/2014,15:00,26.3885,2,34.7255,2,NaN,4,2020,2
6/4/2014,18:00,26.3718,2,34.7356,2,NaN,4,2026,2
6/4/2014,21:00,26.4832,2,34.7406,2,NaN,4,2016,2
6/5/2014,0:00,26.6079,2,34.7329,2,NaN,4,2020,2
6/5/2014,3:00,26.6794,2,34.7402,2,NaN,4,2011,2
6/5/2014,6:00,26.4815,2,34.7148,2,NaN,4,2002,2
6/5/2014,9:00,26.3836,2,34.688,2,NaN,4,2014,2
6/5/2014,12:00,26.3521,2,34.6799,2,8.08,4,2016,2
6/5/2014,15:00,26.3184,2,34.6785,2,NaN,4,2027,2
6/5/2014,18:00,26.3091,2,34.6834,2,NaN,4,2027,2
6/5/2014,21:00,26.3754,2,34.6812,2,NaN,4,2023,2
6/6/2014,0:00,26.5025,2,34.6769,2,NaN,4,2008,2
6/6/2014,3:00,26.5266,2,34.6848,2,NaN,4,1998,2
6/6/2014,6:00,26.3982,2,34.6777,2,NaN,4,1981,2
6/6/2014,9:00,26.3116,2,34.6698,2,NaN,4,2012,2
6/6/2014,12:00,26.2542,2,34.6382,2,NaN,4,2011,2
6/6/2014,15:00,26.2381,2,34.6524,2,NaN,4,2022,2
6/6/2014,18:00,26.224,2,34.6676,2,NaN,4,2030,2
6/6/2014,21:00,26.3608,2,34.6651,2,NaN,4,2025,2
6/7/2014,0:00,26.4631,2,34.6634,2,NaN,4,2009,2
6/7/2014,3:00,26.5952,2,34.6826,2,8.04,4,2033,2
6/7/2014,6:00,26.4244,2,34.6898,2,NaN,4,2008,2
6/7/2014,9:00,26.2689,2,34.6943,2,NaN,4,2018,2
6/7/2014,12:00,26.1959,2,34.6982,2,NaN,4,2027,2
6/7/2014,15:00,26.1403,2,34.6932,2,NaN,4,2024,2
6/7/2014,18:00,26.1272,2,34.6956,2,NaN,4,2031,2
6/7/2014,21:00,26.3253,2,34.7025,2,NaN,4,2023,2
6/8/2014,0:00,26.481,2,34.6971,2,NaN,4,2034,2
6/8/2014,3:00,26.6605,2,34.7136,2,NaN,4,1993,2
6/8/2014,6:00,26.2597,2,34.6983,2,8.05,4,2017,2
6/8/2014,9:00,26.1435,2,34.7049,2,8.07,4,2022,2
6/8/2014,12:00,26.1486,2,34.6753,2,NaN,4,2026,2
6/8/2014,15:00,26.1398,2,34.6918,2,NaN,4,2041,2
6/8/2014,18:00,26.1862,2,34.704,2,NaN,4,2028,2
6/8/2014,21:00,26.286,2,34.7069,2,NaN,4,2026,2
6/9/2014,0:00,26.4296,2,34.7114,2,NaN,4,2010,2
6/9/2014,3:00,26.498,2,34.7142,2,NaN,4,2005,2
6/9/2014,6:00,26.3968,2,34.7089,2,NaN,4,2000,2
6/9/2014,9:00,26.3345,2,34.7036,2,NaN,4,2013,2
6/9/2014,12:00,26.2686,2,34.6995,2,NaN,4,2021,2
6/9/2014,15:00,26.2334,2,34.6935,2,NaN,4,2017,2
6/9/2014,18:00,26.236,2,34.6967,2,NaN,4,2016,2
6/9/2014,21:00,26.3607,2,34.692,2,NaN,4,2013,2
6/10/2014,0:00,26.4157,2,34.6783,2,NaN,4,2021,2
6/10/2014,3:00,26.7386,2,34.7006,2,NaN,4,2009,2
6/10/2014,6:00,26.4743,2,34.6823,2,NaN,4,2003,2
6/10/2014,9:00,26.3528,2,34.682,2,NaN,4,2030,2
6/10/2014,12:00,26.2916,2,34.6825,2,NaN,4,2020,2
6/10/2014,15:00,26.2628,2,34.6874,2,NaN,4,2027,2
6/10/2014,18:00,26.2676,2,34.6798,2,NaN,4,2030,2
6/10/2014,21:00,26.3826,2,34.6855,2,NaN,4,2009,2
6/11/2014,0:00,26.488,2,34.6643,2,NaN,4,2017,2
6/11/2014,3:00,26.5236,2,34.6862,2,NaN,4,2017,2
6/11/2014,6:00,26.3649,2,34.6809,2,NaN,4,2006,2
6/11/2014,9:00,26.2873,2,34.7107,2,NaN,4,2019,2
6/11/2014,12:00,26.1582,2,34.6883,2,NaN,4,2024,2
6/11/2014,15:00,26.1733,2,34.723,2,NaN,4,2031,2
6/11/2014,18:00,26.1601,2,34.7266,2,NaN,4,2018,2
6/11/2014,21:00,26.2279,2,34.7353,2,NaN,4,2010,2
6/12/2014,0:00,26.4241,2,34.8216,2,NaN,4,2037,2
6/12/2014,3:00,26.5106,2,34.8285,2,NaN,4,2010,2
6/12/2014,6:00,26.2687,2,34.8059,2,NaN,4,2002,2
6/12/2014,9:00,26.1636,2,34.8025,2,NaN,4,2024,2
6/12/2014,12:00,26.1577,2,34.8017,2,NaN,4,2023,2
6/12/2014,15:00,26.0867,2,34.7633,2,NaN,4,2033,2
6/12/2014,18:00,26.0394,2,34.7714,2,NaN,4,2026,2
6/12/2014,21:00,26.1505,2,34.759,2,NaN,4,2024,2
6/13/2014,0:00,26.3233,2,34.78,2,NaN,4,2009,2
6/13/2014,3:00,26.355,2,34.7778,2,NaN,4,2014,2
6/13/2014,6:00,26.2197,2,34.7666,2,NaN,4,2018,2
6/13/2014,9:00,26.1729,2,34.7685,2,NaN,4,2026,2
6/13/2014,12:00,26.1174,2,34.7754,2,NaN,4,2027,2
6/13/2014,15:00,25.9918,2,34.7863,2,NaN,4,2038,2
6/13/2014,18:00,25.9991,2,34.8006,2,NaN,4,2035,2
6/13/2014,21:00,26.1393,2,34.7859,2,NaN,4,2042,2
6/14/2014,0:00,26.2588,2,34.7976,2,7.96,4,2040,2
6/14/2014,3:00,26.5425,2,34.834,2,NaN,4,2014,2
6/14/2014,6:00,26.2199,2,34.8382,2,NaN,4,2045,2
6/14/2014,9:00,26.1534,2,34.8398,2,NaN,4,2020,2
6/14/2014,12:00,26.0979,2,34.8514,2,NaN,4,2034,2
6/14/2014,15:00,26.0103,2,34.8585,2,NaN,4,2033,2
6/14/2014,18:00,26.0112,2,34.8695,2,NaN,4,2041,2
6/14/2014,21:00,26.0845,2,34.8705,2,NaN,4,2044,2
6/15/2014,0:00,26.1982,2,34.8723,2,NaN,4,2024,2
6/15/2014,3:00,NaN,6,NaN,6,NaN,4,NaN,6
6/15/2014,6:00,NaN,6,NaN,6,NaN,4,NaN,6
6/15/2014,9:00,26.0944,2,34.8794,2,NaN,4,2037,2
6/15/2014,12:00,26.0682,2,34.8724,2,NaN,4,2050,2
